CREATE DATABASE IF NOT EXISTS nkedon_db;

USE nkedon_db;

DROP TABLE IF EXISTS t_achats;

CREATE TABLE `t_achats` (
  `idt_achats` int(11) NOT NULL AUTO_INCREMENT,
  `id_produit` int(11) NOT NULL,
  `id_facture` int(11) NOT NULL,
  `quantite_achat` int(11) NOT NULL,
  `date_fabrication` date NOT NULL,
  `date_peremption` date NOT NULL,
  PRIMARY KEY (`idt_achats`)
) ENGINE=InnoDB AUTO_INCREMENT=793 DEFAULT CHARSET=latin1;

INSERT INTO t_achats VALUES("459","0","128","3","0000-00-00","0000-00-00");
INSERT INTO t_achats VALUES("460","200","128","5","0000-00-00","0000-00-00");
INSERT INTO t_achats VALUES("461","201","128","3","0000-00-00","0000-00-00");
INSERT INTO t_achats VALUES("462","116","128","12","0000-00-00","0000-00-00");
INSERT INTO t_achats VALUES("463","115","128","12","0000-00-00","0000-00-00");
INSERT INTO t_achats VALUES("464","477","128","12","0000-00-00","0000-00-00");
INSERT INTO t_achats VALUES("465","841","129","120","0000-00-00","0000-00-00");
INSERT INTO t_achats VALUES("466","847","129","12","0000-00-00","0000-00-00");
INSERT INTO t_achats VALUES("467","843","129","45","0000-00-00","0000-00-00");
INSERT INTO t_achats VALUES("468","846","129","72","0000-00-00","0000-00-00");
INSERT INTO t_achats VALUES("469","265","129","48","0000-00-00","0000-00-00");
INSERT INTO t_achats VALUES("470","842","129","72","0000-00-00","0000-00-00");
INSERT INTO t_achats VALUES("471","845","129","72","0000-00-00","0000-00-00");
INSERT INTO t_achats VALUES("472","888","130","84","0000-00-00","0000-00-00");
INSERT INTO t_achats VALUES("473","887","130","48","0000-00-00","0000-00-00");
INSERT INTO t_achats VALUES("474","837","130","120","0000-00-00","0000-00-00");
INSERT INTO t_achats VALUES("475","864","130","72","0000-00-00","0000-00-00");
INSERT INTO t_achats VALUES("476","886","130","222","0000-00-00","0000-00-00");
INSERT INTO t_achats VALUES("477","878","131","1","0000-00-00","0000-00-00");
INSERT INTO t_achats VALUES("478","839","131","24","0000-00-00","0000-00-00");
INSERT INTO t_achats VALUES("479","887","131","24","0000-00-00","0000-00-00");
INSERT INTO t_achats VALUES("480","841","132","96","0000-00-00","0000-00-00");
INSERT INTO t_achats VALUES("481","890","132","12","0000-00-00","0000-00-00");
INSERT INTO t_achats VALUES("482","843","132","45","0000-00-00","0000-00-00");
INSERT INTO t_achats VALUES("483","846","132","72","0000-00-00","0000-00-00");
INSERT INTO t_achats VALUES("484","845","132","72","0000-00-00","0000-00-00");
INSERT INTO t_achats VALUES("485","842","132","24","0000-00-00","0000-00-00");
INSERT INTO t_achats VALUES("486","836","133","600","0000-00-00","0000-00-00");
INSERT INTO t_achats VALUES("487","835","133","200","0000-00-00","0000-00-00");
INSERT INTO t_achats VALUES("488","650","134","120","0000-00-00","0000-00-00");
INSERT INTO t_achats VALUES("489","868","134","276","0000-00-00","0000-00-00");
INSERT INTO t_achats VALUES("490","806","134","60","0000-00-00","0000-00-00");
INSERT INTO t_achats VALUES("491","838","135","120","0000-00-00","0000-00-00");
INSERT INTO t_achats VALUES("492","890","136","12","0000-00-00","0000-00-00");
INSERT INTO t_achats VALUES("493","841","136","72","0000-00-00","0000-00-00");
INSERT INTO t_achats VALUES("494","844","136","12","0000-00-00","0000-00-00");
INSERT INTO t_achats VALUES("495","819","137","120","0000-00-00","0000-00-00");
INSERT INTO t_achats VALUES("496","822","137","60","0000-00-00","0000-00-00");
INSERT INTO t_achats VALUES("497","887","138","72","0000-00-00","0000-00-00");
INSERT INTO t_achats VALUES("498","819","138","24","0000-00-00","0000-00-00");
INSERT INTO t_achats VALUES("499","822","138","12","0000-00-00","0000-00-00");
INSERT INTO t_achats VALUES("500","838","138","120","0000-00-00","0000-00-00");
INSERT INTO t_achats VALUES("501","837","139","60","0000-00-00","0000-00-00");
INSERT INTO t_achats VALUES("502","780","139","24","0000-00-00","0000-00-00");
INSERT INTO t_achats VALUES("503","888","139","132","0000-00-00","0000-00-00");
INSERT INTO t_achats VALUES("504","889","139","24","0000-00-00","0000-00-00");
INSERT INTO t_achats VALUES("505","887","139","24","0000-00-00","0000-00-00");
INSERT INTO t_achats VALUES("506","837","139","72","0000-00-00","0000-00-00");
INSERT INTO t_achats VALUES("507","434","140","72","0000-00-00","0000-00-00");
INSERT INTO t_achats VALUES("508","382","140","48","0000-00-00","0000-00-00");
INSERT INTO t_achats VALUES("509","614","141","30","0000-00-00","0000-00-00");
INSERT INTO t_achats VALUES("510","885","141","120","0000-00-00","0000-00-00");
INSERT INTO t_achats VALUES("511","868","141","60","0000-00-00","0000-00-00");
INSERT INTO t_achats VALUES("512","806","141","60","0000-00-00","0000-00-00");
INSERT INTO t_achats VALUES("513","819","142","12","0000-00-00","0000-00-00");
INSERT INTO t_achats VALUES("514","822","142","12","0000-00-00","0000-00-00");
INSERT INTO t_achats VALUES("515","271","143","48","0000-00-00","0000-00-00");
INSERT INTO t_achats VALUES("516","823","144","60","0000-00-00","0000-00-00");
INSERT INTO t_achats VALUES("517","830","144","240","0000-00-00","0000-00-00");
INSERT INTO t_achats VALUES("518","860","144","60","0000-00-00","0000-00-00");
INSERT INTO t_achats VALUES("519","827","144","120","0000-00-00","0000-00-00");
INSERT INTO t_achats VALUES("520","313","145","24","0000-00-00","0000-00-00");
INSERT INTO t_achats VALUES("521","849","145","15","0000-00-00","0000-00-00");
INSERT INTO t_achats VALUES("522","836","146","200","0000-00-00","0000-00-00");
INSERT INTO t_achats VALUES("523","835","146","200","0000-00-00","0000-00-00");
INSERT INTO t_achats VALUES("524","867","147","60","0000-00-00","0000-00-00");
INSERT INTO t_achats VALUES("525","914","147","48","0000-00-00","0000-00-00");
INSERT INTO t_achats VALUES("526","853","148","120","0000-00-00","0000-00-00");
INSERT INTO t_achats VALUES("527","838","148","120","0000-00-00","0000-00-00");
INSERT INTO t_achats VALUES("528","866","149","108","0000-00-00","0000-00-00");
INSERT INTO t_achats VALUES("529","883","149","25","0000-00-00","0000-00-00");
INSERT INTO t_achats VALUES("530","875","149","60","0000-00-00","0000-00-00");
INSERT INTO t_achats VALUES("531","857","149","1","0000-00-00","0000-00-00");
INSERT INTO t_achats VALUES("532","1","149","24","0000-00-00","0000-00-00");
INSERT INTO t_achats VALUES("533","2","149","24","0000-00-00","0000-00-00");
INSERT INTO t_achats VALUES("534","653","149","100","0000-00-00","0000-00-00");
INSERT INTO t_achats VALUES("535","914","150","48","0000-00-00","0000-00-00");
INSERT INTO t_achats VALUES("536","867","150","24","0000-00-00","0000-00-00");
INSERT INTO t_achats VALUES("537","836","151","400","0000-00-00","0000-00-00");
INSERT INTO t_achats VALUES("538","863","151","300","0000-00-00","0000-00-00");
INSERT INTO t_achats VALUES("539","838","151","120","0000-00-00","0000-00-00");
INSERT INTO t_achats VALUES("540","885","152","180","0000-00-00","0000-00-00");
INSERT INTO t_achats VALUES("541","884","152","30","0000-00-00","0000-00-00");
INSERT INTO t_achats VALUES("542","806","152","60","0000-00-00","0000-00-00");
INSERT INTO t_achats VALUES("543","868","152","300","0000-00-00","0000-00-00");
INSERT INTO t_achats VALUES("544","847","153","24","0000-00-00","0000-00-00");
INSERT INTO t_achats VALUES("545","844","153","12","0000-00-00","0000-00-00");
INSERT INTO t_achats VALUES("546","841","153","72","0000-00-00","0000-00-00");
INSERT INTO t_achats VALUES("547","843","153","15","0000-00-00","0000-00-00");
INSERT INTO t_achats VALUES("548","819","154","48","0000-00-00","0000-00-00");
INSERT INTO t_achats VALUES("549","830","154","120","0000-00-00","0000-00-00");
INSERT INTO t_achats VALUES("550","159","154","12","0000-00-00","0000-00-00");
INSERT INTO t_achats VALUES("551","827","154","60","0000-00-00","0000-00-00");
INSERT INTO t_achats VALUES("552","834","155","400","0000-00-00","0000-00-00");
INSERT INTO t_achats VALUES("553","529","156","120","0000-00-00","0000-00-00");
INSERT INTO t_achats VALUES("554","35","156","100","0000-00-00","0000-00-00");
INSERT INTO t_achats VALUES("555","838","156","160","0000-00-00","0000-00-00");
INSERT INTO t_achats VALUES("556","882","157","36","0000-00-00","0000-00-00");
INSERT INTO t_achats VALUES("557","889","157","48","0000-00-00","0000-00-00");
INSERT INTO t_achats VALUES("558","888","157","84","0000-00-00","0000-00-00");
INSERT INTO t_achats VALUES("559","864","157","36","0000-00-00","0000-00-00");
INSERT INTO t_achats VALUES("560","886","157","180","0000-00-00","0000-00-00");
INSERT INTO t_achats VALUES("561","892","158","48","0000-00-00","0000-00-00");
INSERT INTO t_achats VALUES("562","836","158","400","0000-00-00","0000-00-00");
INSERT INTO t_achats VALUES("563","835","158","200","0000-00-00","0000-00-00");
INSERT INTO t_achats VALUES("564","849","158","15","0000-00-00","0000-00-00");
INSERT INTO t_achats VALUES("565","879","158","1","0000-00-00","0000-00-00");
INSERT INTO t_achats VALUES("566","436","158","10","0000-00-00","0000-00-00");
INSERT INTO t_achats VALUES("567","439","158","10","0000-00-00","0000-00-00");
INSERT INTO t_achats VALUES("568","435","158","10","0000-00-00","0000-00-00");
INSERT INTO t_achats VALUES("569","830","159","180","0000-00-00","0000-00-00");
INSERT INTO t_achats VALUES("570","819","159","120","0000-00-00","0000-00-00");
INSERT INTO t_achats VALUES("571","860","159","60","0000-00-00","0000-00-00");
INSERT INTO t_achats VALUES("572","850","159","60","0000-00-00","0000-00-00");
INSERT INTO t_achats VALUES("573","888","159","24","0000-00-00","0000-00-00");
INSERT INTO t_achats VALUES("574","887","159","240","0000-00-00","0000-00-00");
INSERT INTO t_achats VALUES("575","838","160","120","0000-00-00","0000-00-00");
INSERT INTO t_achats VALUES("576","819","161","84","0000-00-00","0000-00-00");
INSERT INTO t_achats VALUES("577","830","161","36","0000-00-00","0000-00-00");
INSERT INTO t_achats VALUES("578","822","161","36","0000-00-00","0000-00-00");
INSERT INTO t_achats VALUES("579","827","161","24","0000-00-00","0000-00-00");
INSERT INTO t_achats VALUES("580","412","162","30","0000-00-00","0000-00-00");
INSERT INTO t_achats VALUES("581","853","162","120","0000-00-00","0000-00-00");
INSERT INTO t_achats VALUES("582","873","162","15","0000-00-00","0000-00-00");
INSERT INTO t_achats VALUES("583","836","163","400","0000-00-00","0000-00-00");
INSERT INTO t_achats VALUES("584","835","163","200","0000-00-00","0000-00-00");
INSERT INTO t_achats VALUES("585","866","164","84","0000-00-00","0000-00-00");
INSERT INTO t_achats VALUES("586","887","164","120","0000-00-00","0000-00-00");
INSERT INTO t_achats VALUES("587","886","164","120","0000-00-00","0000-00-00");
INSERT INTO t_achats VALUES("588","838","165","80","0000-00-00","0000-00-00");
INSERT INTO t_achats VALUES("589","915","166","10","0000-00-00","0000-00-00");
INSERT INTO t_achats VALUES("590","781","166","50","0000-00-00","0000-00-00");
INSERT INTO t_achats VALUES("591","887","167","150","0000-00-00","0000-00-00");
INSERT INTO t_achats VALUES("592","677","167","68","0000-00-00","0000-00-00");
INSERT INTO t_achats VALUES("593","517","167","10","0000-00-00","0000-00-00");
INSERT INTO t_achats VALUES("594","590","167","6","0000-00-00","0000-00-00");
INSERT INTO t_achats VALUES("595","392","167","12","0000-00-00","0000-00-00");
INSERT INTO t_achats VALUES("596","299","167","6","0000-00-00","0000-00-00");
INSERT INTO t_achats VALUES("597","295","167","12","0000-00-00","0000-00-00");
INSERT INTO t_achats VALUES("598","298","167","12","0000-00-00","0000-00-00");
INSERT INTO t_achats VALUES("599","293","167","12","0000-00-00","0000-00-00");
INSERT INTO t_achats VALUES("600","294","167","12","0000-00-00","0000-00-00");
INSERT INTO t_achats VALUES("601","292","167","6","0000-00-00","0000-00-00");
INSERT INTO t_achats VALUES("602","288","167","12","0000-00-00","0000-00-00");
INSERT INTO t_achats VALUES("603","451","167","50","0000-00-00","0000-00-00");
INSERT INTO t_achats VALUES("604","849","168","15","0000-00-00","0000-00-00");
INSERT INTO t_achats VALUES("605","669","168","100","0000-00-00","0000-00-00");
INSERT INTO t_achats VALUES("606","865","168","48","0000-00-00","0000-00-00");
INSERT INTO t_achats VALUES("607","566","168","60","0000-00-00","0000-00-00");
INSERT INTO t_achats VALUES("608","869","168","12","0000-00-00","0000-00-00");
INSERT INTO t_achats VALUES("609","419","168","120","0000-00-00","0000-00-00");
INSERT INTO t_achats VALUES("610","374","168","150","0000-00-00","0000-00-00");
INSERT INTO t_achats VALUES("611","33","168","6","0000-00-00","0000-00-00");
INSERT INTO t_achats VALUES("612","213","168","60","0000-00-00","0000-00-00");
INSERT INTO t_achats VALUES("613","74","168","5","0000-00-00","0000-00-00");
INSERT INTO t_achats VALUES("614","9","168","6","0000-00-00","0000-00-00");
INSERT INTO t_achats VALUES("615","871","168","100","0000-00-00","0000-00-00");
INSERT INTO t_achats VALUES("616","881","168","12","0000-00-00","0000-00-00");
INSERT INTO t_achats VALUES("617","880","168","12","0000-00-00","0000-00-00");
INSERT INTO t_achats VALUES("618","916","168","48","0000-00-00","0000-00-00");
INSERT INTO t_achats VALUES("619","742","168","15","0000-00-00","0000-00-00");
INSERT INTO t_achats VALUES("620","858","168","18","0000-00-00","0000-00-00");
INSERT INTO t_achats VALUES("621","329","168","24","0000-00-00","0000-00-00");
INSERT INTO t_achats VALUES("622","275","168","15","0000-00-00","0000-00-00");
INSERT INTO t_achats VALUES("623","588","168","60","0000-00-00","0000-00-00");
INSERT INTO t_achats VALUES("624","876","168","156","0000-00-00","0000-00-00");
INSERT INTO t_achats VALUES("625","306","168","96","0000-00-00","0000-00-00");
INSERT INTO t_achats VALUES("626","612","168","50","0000-00-00","0000-00-00");
INSERT INTO t_achats VALUES("627","67","169","208","0000-00-00","0000-00-00");
INSERT INTO t_achats VALUES("628","63","169","120","0000-00-00","0000-00-00");
INSERT INTO t_achats VALUES("629","833","169","48","0000-00-00","0000-00-00");
INSERT INTO t_achats VALUES("630","174","169","48","0000-00-00","0000-00-00");
INSERT INTO t_achats VALUES("631","73","169","80","0000-00-00","0000-00-00");
INSERT INTO t_achats VALUES("632","56","169","80","0000-00-00","0000-00-00");
INSERT INTO t_achats VALUES("633","832","169","48","0000-00-00","0000-00-00");
INSERT INTO t_achats VALUES("634","833","169","24","0000-00-00","0000-00-00");
INSERT INTO t_achats VALUES("635","832","169","24","0000-00-00","0000-00-00");
INSERT INTO t_achats VALUES("636","825","169","25","0000-00-00","0000-00-00");
INSERT INTO t_achats VALUES("637","854","169","24","0000-00-00","0000-00-00");
INSERT INTO t_achats VALUES("638","98","169","400","0000-00-00","0000-00-00");
INSERT INTO t_achats VALUES("639","832","169","48","0000-00-00","0000-00-00");
INSERT INTO t_achats VALUES("640","92","169","200","0000-00-00","0000-00-00");
INSERT INTO t_achats VALUES("641","917","169","6","0000-00-00","0000-00-00");
INSERT INTO t_achats VALUES("642","168","169","60","0000-00-00","0000-00-00");
INSERT INTO t_achats VALUES("643","918","169","48","0000-00-00","0000-00-00");
INSERT INTO t_achats VALUES("661","867","174","30","0000-00-00","0000-00-00");
INSERT INTO t_achats VALUES("662","844","172","12","0000-00-00","0000-00-00");
INSERT INTO t_achats VALUES("663","841","172","96","0000-00-00","0000-00-00");
INSERT INTO t_achats VALUES("664","890","172","12","0000-00-00","0000-00-00");
INSERT INTO t_achats VALUES("665","843","172","30","0000-00-00","0000-00-00");
INSERT INTO t_achats VALUES("666","846","172","96","0000-00-00","0000-00-00");
INSERT INTO t_achats VALUES("667","845","172","48","0000-00-00","0000-00-00");
INSERT INTO t_achats VALUES("668","2","171","24","0000-00-00","0000-00-00");
INSERT INTO t_achats VALUES("669","1","171","24","0000-00-00","0000-00-00");
INSERT INTO t_achats VALUES("670","842","173","36","0000-00-00","0000-00-00");
INSERT INTO t_achats VALUES("671","844","173","12","0000-00-00","0000-00-00");
INSERT INTO t_achats VALUES("672","841","173","96","0000-00-00","0000-00-00");
INSERT INTO t_achats VALUES("673","843","173","15","0000-00-00","0000-00-00");
INSERT INTO t_achats VALUES("674","830","170","120","0000-00-00","0000-00-00");
INSERT INTO t_achats VALUES("675","13","170","60","0000-00-00","0000-00-00");
INSERT INTO t_achats VALUES("676","271","170","48","0000-00-00","0000-00-00");
INSERT INTO t_achats VALUES("677","850","170","60","0000-00-00","0000-00-00");
INSERT INTO t_achats VALUES("678","827","170","180","0000-00-00","0000-00-00");
INSERT INTO t_achats VALUES("679","879","175","1","0000-00-00","0000-00-00");
INSERT INTO t_achats VALUES("680","836","175","600","0000-00-00","0000-00-00");
INSERT INTO t_achats VALUES("681","835","175","200","0000-00-00","0000-00-00");
INSERT INTO t_achats VALUES("682","819","176","120","0000-00-00","0000-00-00");
INSERT INTO t_achats VALUES("683","830","176","60","0000-00-00","0000-00-00");
INSERT INTO t_achats VALUES("684","822","176","60","0000-00-00","0000-00-00");
INSERT INTO t_achats VALUES("685","838","177","160","0000-00-00","0000-00-00");
INSERT INTO t_achats VALUES("686","861","177","30","0000-00-00","0000-00-00");
INSERT INTO t_achats VALUES("687","828","177","20","0000-00-00","0000-00-00");
INSERT INTO t_achats VALUES("688","852","177","20","0000-00-00","0000-00-00");
INSERT INTO t_achats VALUES("689","85","178","600","0000-00-00","0000-00-00");
INSERT INTO t_achats VALUES("690","838","178","160","0000-00-00","0000-00-00");
INSERT INTO t_achats VALUES("691","836","178","400","0000-00-00","0000-00-00");
INSERT INTO t_achats VALUES("692","835","178","200","0000-00-00","0000-00-00");
INSERT INTO t_achats VALUES("693","842","179","24","0000-00-00","0000-00-00");
INSERT INTO t_achats VALUES("694","845","179","72","0000-00-00","0000-00-00");
INSERT INTO t_achats VALUES("695","846","179","96","0000-00-00","0000-00-00");
INSERT INTO t_achats VALUES("696","844","179","12","0000-00-00","0000-00-00");
INSERT INTO t_achats VALUES("697","841","179","144","0000-00-00","0000-00-00");
INSERT INTO t_achats VALUES("698","701","180","48","0000-00-00","0000-00-00");
INSERT INTO t_achats VALUES("699","714","180","6","0000-00-00","0000-00-00");
INSERT INTO t_achats VALUES("700","897","180","12","0000-00-00","0000-00-00");
INSERT INTO t_achats VALUES("701","434","180","12","0000-00-00","0000-00-00");
INSERT INTO t_achats VALUES("702","919","181","24","0000-00-00","0000-00-00");
INSERT INTO t_achats VALUES("703","832","181","48","0000-00-00","0000-00-00");
INSERT INTO t_achats VALUES("704","833","181","120","0000-00-00","0000-00-00");
INSERT INTO t_achats VALUES("705","174","181","24","0000-00-00","0000-00-00");
INSERT INTO t_achats VALUES("706","920","181","48","0000-00-00","0000-00-00");
INSERT INTO t_achats VALUES("707","97","181","160","0000-00-00","0000-00-00");
INSERT INTO t_achats VALUES("708","921","181","72","0000-00-00","0000-00-00");
INSERT INTO t_achats VALUES("709","166","182","24","0000-00-00","0000-00-00");
INSERT INTO t_achats VALUES("710","317","182","24","0000-00-00","0000-00-00");
INSERT INTO t_achats VALUES("711","310","182","12","0000-00-00","0000-00-00");
INSERT INTO t_achats VALUES("712","812","182","32","0000-00-00","0000-00-00");
INSERT INTO t_achats VALUES("713","922","182","15","0000-00-00","0000-00-00");
INSERT INTO t_achats VALUES("714","108","182","12","0000-00-00","0000-00-00");
INSERT INTO t_achats VALUES("715","107","182","12","0000-00-00","0000-00-00");
INSERT INTO t_achats VALUES("716","881","183","12","0000-00-00","0000-00-00");
INSERT INTO t_achats VALUES("717","402","183","150","0000-00-00","0000-00-00");
INSERT INTO t_achats VALUES("718","429","183","120","0000-00-00","0000-00-00");
INSERT INTO t_achats VALUES("719","194","183","16","0000-00-00","0000-00-00");
INSERT INTO t_achats VALUES("720","855","183","1200","0000-00-00","0000-00-00");
INSERT INTO t_achats VALUES("721","923","183","12","0000-00-00","0000-00-00");
INSERT INTO t_achats VALUES("722","859","183","15","0000-00-00","0000-00-00");
INSERT INTO t_achats VALUES("723","883","183","25","0000-00-00","0000-00-00");
INSERT INTO t_achats VALUES("724","632","183","40","0000-00-00","0000-00-00");
INSERT INTO t_achats VALUES("725","849","183","15","0000-00-00","0000-00-00");
INSERT INTO t_achats VALUES("726","544","183","56","0000-00-00","0000-00-00");
INSERT INTO t_achats VALUES("727","743","183","24","0000-00-00","0000-00-00");
INSERT INTO t_achats VALUES("728","854","183","24","0000-00-00","0000-00-00");
INSERT INTO t_achats VALUES("729","869","183","12","0000-00-00","0000-00-00");
INSERT INTO t_achats VALUES("730","590","183","24","0000-00-00","0000-00-00");
INSERT INTO t_achats VALUES("731","589","183","12","0000-00-00","0000-00-00");
INSERT INTO t_achats VALUES("732","572","183","6","0000-00-00","0000-00-00");
INSERT INTO t_achats VALUES("733","31","183","6","0000-00-00","0000-00-00");
INSERT INTO t_achats VALUES("734","30","183","12","0000-00-00","0000-00-00");
INSERT INTO t_achats VALUES("735","102","183","12","0000-00-00","0000-00-00");
INSERT INTO t_achats VALUES("736","418","183","62","0000-00-00","0000-00-00");
INSERT INTO t_achats VALUES("737","924","183","71","0000-00-00","0000-00-00");
INSERT INTO t_achats VALUES("738","192","183","48","0000-00-00","0000-00-00");
INSERT INTO t_achats VALUES("739","423","183","240","0000-00-00","0000-00-00");
INSERT INTO t_achats VALUES("740","681","184","25","0000-00-00","0000-00-00");
INSERT INTO t_achats VALUES("741","10","184","100","0000-00-00","0000-00-00");
INSERT INTO t_achats VALUES("742","608","184","6","0000-00-00","0000-00-00");
INSERT INTO t_achats VALUES("743","863","184","420","0000-00-00","0000-00-00");
INSERT INTO t_achats VALUES("744","838","184","120","0000-00-00","0000-00-00");
INSERT INTO t_achats VALUES("745","905","185","30","0000-00-00","0000-00-00");
INSERT INTO t_achats VALUES("746","867","185","42","0000-00-00","0000-00-00");
INSERT INTO t_achats VALUES("747","886","185","180","0000-00-00","0000-00-00");
INSERT INTO t_achats VALUES("748","868","186","180","0000-00-00","0000-00-00");
INSERT INTO t_achats VALUES("749","806","186","90","0000-00-00","0000-00-00");
INSERT INTO t_achats VALUES("750","822","187","48","0000-00-00","0000-00-00");
INSERT INTO t_achats VALUES("751","860","187","24","0000-00-00","0000-00-00");
INSERT INTO t_achats VALUES("752","836","188","200","0000-00-00","0000-00-00");
INSERT INTO t_achats VALUES("753","835","188","200","0000-00-00","0000-00-00");
INSERT INTO t_achats VALUES("754","199","188","2","0000-00-00","0000-00-00");
INSERT INTO t_achats VALUES("755","617","188","16","0000-00-00","0000-00-00");
INSERT INTO t_achats VALUES("756","526","188","12","0000-00-00","0000-00-00");
INSERT INTO t_achats VALUES("764","34","191","41","0000-00-00","0000-00-00");
INSERT INTO t_achats VALUES("765","382","191","52","0000-00-00","0000-00-00");
INSERT INTO t_achats VALUES("768","440","193","96","2015-03-03","2015-03-31");
INSERT INTO t_achats VALUES("769","353","193","78","2015-03-05","2015-04-12");
INSERT INTO t_achats VALUES("770","234","193","85","2015-03-04","0000-00-00");
INSERT INTO t_achats VALUES("771","915","194","12","0000-00-00","0000-00-00");
INSERT INTO t_achats VALUES("772","915","195","20","0000-00-00","0000-00-00");
INSERT INTO t_achats VALUES("773","915","196","10","0000-00-00","0000-00-00");
INSERT INTO t_achats VALUES("774","355","192","4","0000-00-00","0000-00-00");
INSERT INTO t_achats VALUES("775","229","192","238","0000-00-00","0000-00-00");
INSERT INTO t_achats VALUES("776","118","189","69","0000-00-00","0000-00-00");
INSERT INTO t_achats VALUES("777","79","189","48","0000-00-00","0000-00-00");
INSERT INTO t_achats VALUES("778","883","189","998","0000-00-00","0000-00-00");
INSERT INTO t_achats VALUES("779","374","189","874","2015-03-25","2015-03-27");
INSERT INTO t_achats VALUES("780","34","190","79","0000-00-00","0000-00-00");
INSERT INTO t_achats VALUES("781","82","190","6","2015-03-31","2015-04-30");
INSERT INTO t_achats VALUES("782","1","197","12","0000-00-00","0000-00-00");
INSERT INTO t_achats VALUES("783","2","197","20","0000-00-00","0000-00-00");
INSERT INTO t_achats VALUES("784","1","198","5","0000-00-00","0000-00-00");
INSERT INTO t_achats VALUES("785","2","198","9","0000-00-00","0000-00-00");
INSERT INTO t_achats VALUES("786","1","199","3","0000-00-00","0000-00-00");
INSERT INTO t_achats VALUES("790","4","200","5","0000-00-00","0000-00-00");
INSERT INTO t_achats VALUES("791","5","200","8","0000-00-00","0000-00-00");
INSERT INTO t_achats VALUES("792","74","200","23","0000-00-00","0000-00-00");



DROP TABLE IF EXISTS t_factures;

CREATE TABLE `t_factures` (
  `idt_factures` int(11) NOT NULL AUTO_INCREMENT,
  `numero_facture` varchar(255) NOT NULL,
  `nombre_produit` int(11) NOT NULL,
  `id_fournisseur` int(11) NOT NULL,
  `date_facture` date NOT NULL,
  `date_insertion_facture` datetime NOT NULL,
  `id_user` int(11) NOT NULL,
  `commentaire` text NOT NULL,
  `id_inventaire` int(11) NOT NULL,
  PRIMARY KEY (`idt_factures`)
) ENGINE=InnoDB AUTO_INCREMENT=201 DEFAULT CHARSET=latin1;

INSERT INTO t_factures VALUES("128","195875","6","4","2014-04-09","2014-04-22 17:25:20","2","","7");
INSERT INTO t_factures VALUES("129","596236","7","12","2014-04-08","2014-04-22 17:48:56","2","","7");
INSERT INTO t_factures VALUES("130","5299","5","11","2014-04-14","2014-04-22 17:52:18","2","","7");
INSERT INTO t_factures VALUES("131","6666","3","18","2014-04-14","2014-04-22 17:54:17","2","","7");
INSERT INTO t_factures VALUES("132","596272","6","12","2014-04-14","2014-04-22 17:57:56","2","","7");
INSERT INTO t_factures VALUES("133","94945","2","6","2014-04-14","2014-04-22 17:59:22","2","","7");
INSERT INTO t_factures VALUES("134","6055","3","13","2014-04-14","2014-04-22 18:02:45","2","","7");
INSERT INTO t_factures VALUES("135","3689","1","14","2014-04-14","2014-04-23 10:32:56","2","","7");
INSERT INTO t_factures VALUES("136","3834","3","12","2014-04-18","2014-04-23 10:51:12","2","","7");
INSERT INTO t_factures VALUES("137","3129","2","11","2014-04-18","2014-04-23 10:55:23","2","","7");
INSERT INTO t_factures VALUES("138","3690","4","14","2014-04-18","2014-04-23 10:57:57","2","","7");
INSERT INTO t_factures VALUES("139","5363","6","11","2014-04-17","2014-04-23 14:53:33","2","","7");
INSERT INTO t_factures VALUES("140","4439","2","9","2014-04-17","2014-04-23 14:54:53","2","","7");
INSERT INTO t_factures VALUES("141","6118","4","13","2014-04-17","2014-04-23 14:57:24","2","","7");
INSERT INTO t_factures VALUES("142","354","2","18","2014-04-17","2014-04-23 14:58:44","2","","7");
INSERT INTO t_factures VALUES("143","162","1","9","2014-04-19","2014-04-23 15:00:06","2","","7");
INSERT INTO t_factures VALUES("144","3064","4","11","2014-04-15","2014-04-23 15:02:07","2","","7");
INSERT INTO t_factures VALUES("145","181","2","29","2014-04-15","2014-04-23 15:06:49","2","","7");
INSERT INTO t_factures VALUES("146","4435","2","6","2014-04-16","2014-04-23 15:08:08","2","","7");
INSERT INTO t_factures VALUES("147","3421","2","26","2014-04-16","2014-04-23 15:11:41","2","","7");
INSERT INTO t_factures VALUES("148","611674","2","5","2014-04-16","2014-04-23 15:13:02","2","","7");
INSERT INTO t_factures VALUES("149","3413","7","26","2014-04-12","2014-04-23 15:16:39","2","","7");
INSERT INTO t_factures VALUES("150","3407","2","26","2014-04-10","2014-04-23 15:18:20","2","","7");
INSERT INTO t_factures VALUES("151","1688","3","6","2014-04-10","2014-04-23 15:20:48","2","","7");
INSERT INTO t_factures VALUES("152","6005","4","13","2014-04-10","2014-04-23 15:23:48","2","","7");
INSERT INTO t_factures VALUES("153","3676","4","12","2014-04-11","2014-04-23 15:27:58","2","","7");
INSERT INTO t_factures VALUES("154","2993","4","11","2014-04-11","2014-04-23 15:30:12","2","","7");
INSERT INTO t_factures VALUES("155","1693","1","6","2014-04-11","2014-04-23 15:31:09","2","","7");
INSERT INTO t_factures VALUES("156","1695","3","9","2014-04-11","2014-04-23 15:34:11","2","","7");
INSERT INTO t_factures VALUES("157","5179","5","11","2014-04-07","2014-04-23 15:37:20","2","","7");
INSERT INTO t_factures VALUES("158","19116","8","9","2014-04-07","2014-04-23 15:42:18","2","","7");
INSERT INTO t_factures VALUES("159","119940","6","30","2014-04-07","2014-04-23 15:47:46","2","","7");
INSERT INTO t_factures VALUES("160","3692","1","14","2014-04-07","2014-04-23 15:49:06","2","","7");
INSERT INTO t_factures VALUES("161","2932","4","11","2014-04-08","2014-04-23 15:51:22","2","","7");
INSERT INTO t_factures VALUES("162","8725","3","20","2014-04-08","2014-04-23 15:52:56","2","","7");
INSERT INTO t_factures VALUES("163","4440","2","6","2014-04-21","2014-04-29 17:58:50","2","","7");
INSERT INTO t_factures VALUES("164","5427","3","11","2014-04-21","2014-04-29 18:02:35","2","","7");
INSERT INTO t_factures VALUES("165","3693","1","14","2014-04-21","2014-04-29 18:04:11","2","","7");
INSERT INTO t_factures VALUES("166","21745","2","22","2014-04-21","2014-04-29 18:07:55","2","","7");
INSERT INTO t_factures VALUES("167","3917","13","9","2014-04-21","2014-04-29 18:18:43","2","","7");
INSERT INTO t_factures VALUES("168","1000","23","9","2014-04-21","2014-04-29 18:34:47","2","","7");
INSERT INTO t_factures VALUES("169","34149","17","9","2014-04-21","2014-04-29 18:59:40","2","","7");
INSERT INTO t_factures VALUES("170","3341","5","11","2014-04-29","2014-05-01 16:15:50","2","","7");
INSERT INTO t_factures VALUES("171","142014","2","16","2014-04-29","2014-05-01 16:14:09","2","","7");
INSERT INTO t_factures VALUES("172","78583","6","12","2014-04-29","2014-05-01 16:13:48","2","","7");
INSERT INTO t_factures VALUES("173","4015","4","12","2014-04-26","2014-05-01 16:15:09","2","","7");
INSERT INTO t_factures VALUES("174","3448","1","26","2014-04-26","2014-05-01 16:13:20","2","","7");
INSERT INTO t_factures VALUES("175","92767","3","9","2014-04-27","2014-05-01 16:19:26","2","","7");
INSERT INTO t_factures VALUES("176","3269","3","11","2014-04-25","2014-05-01 16:22:34","2","","7");
INSERT INTO t_factures VALUES("177","12912","4","3","2014-04-24","2014-05-01 16:24:33","2","","7");
INSERT INTO t_factures VALUES("178","92762","4","6","2014-04-22","2014-05-01 16:29:29","2","","7");
INSERT INTO t_factures VALUES("179","3927","5","12","2014-04-22","2014-05-01 16:32:13","2","","7");
INSERT INTO t_factures VALUES("180","1001","4","9","2014-04-29","2014-05-01 16:47:11","2","","7");
INSERT INTO t_factures VALUES("181","23150","7","9","2014-04-28","2014-05-01 16:58:19","2","","7");
INSERT INTO t_factures VALUES("182","41440","7","9","2014-04-28","2014-05-01 17:05:45","2","","7");
INSERT INTO t_factures VALUES("183","2486","24","9","2014-04-28","2014-05-01 17:39:21","2","","7");
INSERT INTO t_factures VALUES("184","92764","5","9","2014-04-28","2014-05-01 17:43:00","2","","7");
INSERT INTO t_factures VALUES("185","5532","3","11","2014-04-28","2014-05-01 17:45:41","2","","7");
INSERT INTO t_factures VALUES("186","6276","2","13","2014-04-28","2014-05-01 17:48:15","2","","7");
INSERT INTO t_factures VALUES("187","10002","2","9","2014-05-29","2014-05-03 11:18:07","2","","7");
INSERT INTO t_factures VALUES("188","205995","5","4","2014-04-30","2014-05-03 11:21:06","2","","7");
INSERT INTO t_factures VALUES("189","7778778","4","19","2015-03-25","2015-03-31 22:11:11","2","modif","7");
INSERT INTO t_factures VALUES("190","9999999","2","4","2015-03-25","2015-03-31 22:13:56","2","ajout bonbon café","7");
INSERT INTO t_factures VALUES("191","887987","2","7","2015-03-25","2015-03-25 17:32:30","2","comment","7");
INSERT INTO t_factures VALUES("192","589745","2","18","2015-03-28","2015-03-31 18:48:08","2","lingette et fil","11");
INSERT INTO t_factures VALUES("193","8965478","3","3","2015-03-26","2015-03-28 19:47:42","2","poisson, vitre, fresco","11");
INSERT INTO t_factures VALUES("194","885895","1","3","2015-03-31","2015-03-31 08:32:57","2","livraison yaourts","23");
INSERT INTO t_factures VALUES("195","45871","1","3","2015-03-31","2015-03-31 10:16:45","2","camlait","41");
INSERT INTO t_factures VALUES("196","458963","1","3","2015-03-31","2015-03-31 10:20:04","2","encore camlait","41");
INSERT INTO t_factures VALUES("197","1664","2","11","2015-03-31","2015-03-31 22:20:59","2","brasserie","41");
INSERT INTO t_factures VALUES("198","458","2","11","2015-03-31","2015-03-31 22:42:36","2","","41");
INSERT INTO t_factures VALUES("199","123","1","9","2015-03-31","2015-03-31 22:53:00","2","","41");
INSERT INTO t_factures VALUES("200","125478","3","9","2015-04-01","2015-04-01 17:09:05","2","air fresh bledilait","41");



DROP TABLE IF EXISTS t_factures_ventes;

CREATE TABLE `t_factures_ventes` (
  `idt_factures_ventes` int(11) NOT NULL AUTO_INCREMENT,
  `numero_facture` varchar(255) NOT NULL,
  `date_facture` datetime NOT NULL,
  `commentaire` text NOT NULL,
  `id_inventaire` int(11) NOT NULL,
  `id_user` int(11) NOT NULL,
  PRIMARY KEY (`idt_factures_ventes`)
) ENGINE=InnoDB AUTO_INCREMENT=14 DEFAULT CHARSET=latin1;

INSERT INTO t_factures_ventes VALUES("6","0","2015-04-01 18:20:51","fils et chocolat","0","2");
INSERT INTO t_factures_ventes VALUES("7","0","2015-03-30 22:22:05","fumeur","0","2");
INSERT INTO t_factures_ventes VALUES("8","0","2015-03-31 09:14:11","yaourt","0","2");
INSERT INTO t_factures_ventes VALUES("9","0","2015-03-31 09:52:17","so good","0","2");
INSERT INTO t_factures_ventes VALUES("10","0","2015-03-31 10:22:07","","0","2");
INSERT INTO t_factures_ventes VALUES("11","0","2015-03-31 23:03:53","vente","0","2");
INSERT INTO t_factures_ventes VALUES("12","0","2015-03-31 23:37:57","atomic chinoir","0","2");
INSERT INTO t_factures_ventes VALUES("13","0","2015-04-01 18:27:28","chi chi","0","2");



DROP TABLE IF EXISTS t_fournisseurs;

CREATE TABLE `t_fournisseurs` (
  `idt_fournisseurs` int(11) NOT NULL AUTO_INCREMENT,
  `nom_fournisseur` varchar(255) NOT NULL,
  `adresse_fournisseur` varchar(255) NOT NULL,
  `telephone_fournisseur` varchar(255) NOT NULL,
  `date_insertion` datetime NOT NULL,
  PRIMARY KEY (`idt_fournisseurs`)
) ENGINE=InnoDB AUTO_INCREMENT=34 DEFAULT CHARSET=latin1;

INSERT INTO t_fournisseurs VALUES("2","CHOCOCAM","Douala","33 69 65 68","0000-00-00 00:00:00");
INSERT INTO t_fournisseurs VALUES("3","CAMLAIT","DOUALA","33 40 00 93","0000-00-00 00:00:00");
INSERT INTO t_fournisseurs VALUES("4","CASH  SALES  INVOICE","DOUALA","79 51 70 21","0000-00-00 00:00:00");
INSERT INTO t_fournisseurs VALUES("5","U C B","DOUALA","33 33 33 33","0000-00-00 00:00:00");
INSERT INTO t_fournisseurs VALUES("6","CIGARETTE","DOUALA","33 35 33 34","0000-00-00 00:00:00");
INSERT INTO t_fournisseurs VALUES("7","GOLDEN","DUOALA","33 32 31 33","0000-00-00 00:00:00");
INSERT INTO t_fournisseurs VALUES("8","SAAD COLGATE","DOUALA","33 31 32 33","0000-00-00 00:00:00");
INSERT INTO t_fournisseurs VALUES("9","MARCHE","DOUALA","33 32 31 33","0000-00-00 00:00:00");
INSERT INTO t_fournisseurs VALUES("10","GRAND  MAGASIN DES BOISSONS","DOUALA","33 43 29 85","0000-00-00 00:00:00");
INSERT INTO t_fournisseurs VALUES("11","BRASSERIE","DOUALA","33 32 31 33","0000-00-00 00:00:00");
INSERT INTO t_fournisseurs VALUES("12","GUINNESS   J D  DISTRIBUTION","DOUALA","33 42 41 37","0000-00-00 00:00:00");
INSERT INTO t_fournisseurs VALUES("13","SOURCE  DU  PAYS","DOUALA","99 65 32 42","0000-00-00 00:00:00");
INSERT INTO t_fournisseurs VALUES("14","SAWAWA","DOUALA","33 42 56 95","0000-00-00 00:00:00");
INSERT INTO t_fournisseurs VALUES("15","MUSEAU MOUKOKO","DOUALA","33 32 31 33","0000-00-00 00:00:00");
INSERT INTO t_fournisseurs VALUES("16","NEGIMEX","DOUALA","99 60 15 45","0000-00-00 00:00:00");
INSERT INTO t_fournisseurs VALUES("17","DOVV DISTRIBUTION  SARL","DOUALA","74 79 37 05","0000-00-00 00:00:00");
INSERT INTO t_fournisseurs VALUES("18","STE  NEDIS  SARL","DOUALA","77 91 82 32","0000-00-00 00:00:00");
INSERT INTO t_fournisseurs VALUES("19","PROMODIS","DOUALA","33 40 75 71","0000-00-00 00:00:00");
INSERT INTO t_fournisseurs VALUES("20","T S A F DISTRIBUTION","DOUALA","99 84 49 77","0000-00-00 00:00:00");
INSERT INTO t_fournisseurs VALUES("21","NIKI GRAND MAGASIN DES BOISSON","DOUALA","33 43 98 52","0000-00-00 00:00:00");
INSERT INTO t_fournisseurs VALUES("22","SOTICAM","B P 430 DOUALA","33 39 67 20","0000-00-00 00:00:00");
INSERT INTO t_fournisseurs VALUES("23","SEMME MINERAL  WATER  PLC","BP 621 LIMBE ","75 64 46 00","0000-00-00 00:00:00");
INSERT INTO t_fournisseurs VALUES("24","PROMED  CAMEROUN","BP 5030 DOUALA","99 56 17 32","0000-00-00 00:00:00");
INSERT INTO t_fournisseurs VALUES("25","ROSINE  PRODUITS AIGUEBELLE","DOUALA","75 56 02 42","0000-00-00 00:00:00");
INSERT INTO t_fournisseurs VALUES("26","L F D","DOUALA","74 25 59 62","2014-03-19 18:56:47");
INSERT INTO t_fournisseurs VALUES("27","S V P SARL","DOUALA  4466","79 50 54 69","2014-03-27 20:54:02");
INSERT INTO t_fournisseurs VALUES("28","DEE_ LITE","DOUALA","33 42 30 72","2014-03-31 22:12:10");
INSERT INTO t_fournisseurs VALUES("29","GROUPE SOLIDARITE","DOUALA ANGES RAPHAEL","73 70 91 62","2014-04-23 15:04:57");
INSERT INTO t_fournisseurs VALUES("30","DAH KEN","DOUALA","33 42 76 84","2014-04-23 15:47:12");
INSERT INTO t_fournisseurs VALUES("31","PLANET","Douala","12 25 56 69","2015-03-18 13:20:01");
INSERT INTO t_fournisseurs VALUES("32","MOT","Yde","12 45 78 96","2015-03-18 16:48:22");
INSERT INTO t_fournisseurs VALUES("33","HUB","Lyon","36 25 14 89","2015-03-18 16:49:54");



DROP TABLE IF EXISTS t_historiques_achats;

CREATE TABLE `t_historiques_achats` (
  `idt_historiques_achats` int(11) NOT NULL AUTO_INCREMENT,
  `id_produit` int(11) NOT NULL,
  `id_facture` int(11) NOT NULL,
  `quantite_achat` int(11) NOT NULL,
  `date_fabrication` date NOT NULL,
  `date_peremption` date NOT NULL,
  PRIMARY KEY (`idt_historiques_achats`)
) ENGINE=InnoDB AUTO_INCREMENT=948 DEFAULT CHARSET=latin1;

INSERT INTO t_historiques_achats VALUES("1","783","1","12","0000-00-00","0000-00-00");
INSERT INTO t_historiques_achats VALUES("2","784","1","5","0000-00-00","0000-00-00");
INSERT INTO t_historiques_achats VALUES("3","785","1","1","0000-00-00","0000-00-00");
INSERT INTO t_historiques_achats VALUES("4","786","1","6","0000-00-00","0000-00-00");
INSERT INTO t_historiques_achats VALUES("5","532","1","24","0000-00-00","0000-00-00");
INSERT INTO t_historiques_achats VALUES("6","477","1","6","0000-00-00","0000-00-00");
INSERT INTO t_historiques_achats VALUES("7","526","1","12","0000-00-00","0000-00-00");
INSERT INTO t_historiques_achats VALUES("8","309","2","50","0000-00-00","0000-00-00");
INSERT INTO t_historiques_achats VALUES("9","144","2","30","0000-00-00","0000-00-00");
INSERT INTO t_historiques_achats VALUES("10","431","2","20","0000-00-00","0000-00-00");
INSERT INTO t_historiques_achats VALUES("11","499","3","6","0000-00-00","0000-00-00");
INSERT INTO t_historiques_achats VALUES("12","187","4","200","0000-00-00","0000-00-00");
INSERT INTO t_historiques_achats VALUES("13","186","4","200","0000-00-00","0000-00-00");
INSERT INTO t_historiques_achats VALUES("14","221","5","160","0000-00-00","0000-00-00");
INSERT INTO t_historiques_achats VALUES("15","304","6","12","0000-00-00","0000-00-00");
INSERT INTO t_historiques_achats VALUES("16","278","7","15","0000-00-00","0000-00-00");
INSERT INTO t_historiques_achats VALUES("17","423","7","200","0000-00-00","0000-00-00");
INSERT INTO t_historiques_achats VALUES("18","429","7","120","0000-00-00","0000-00-00");
INSERT INTO t_historiques_achats VALUES("19","0","7","60","0000-00-00","0000-00-00");
INSERT INTO t_historiques_achats VALUES("20","571","7","60","0000-00-00","0000-00-00");
INSERT INTO t_historiques_achats VALUES("21","611","7","1","0000-00-00","0000-00-00");
INSERT INTO t_historiques_achats VALUES("22","0","7","156","0000-00-00","0000-00-00");
INSERT INTO t_historiques_achats VALUES("23","587","7","156","0000-00-00","0000-00-00");
INSERT INTO t_historiques_achats VALUES("24","184","7","10","0000-00-00","0000-00-00");
INSERT INTO t_historiques_achats VALUES("25","185","7","10","0000-00-00","0000-00-00");
INSERT INTO t_historiques_achats VALUES("26","270","8","120","0000-00-00","0000-00-00");
INSERT INTO t_historiques_achats VALUES("27","673","9","72","0000-00-00","0000-00-00");
INSERT INTO t_historiques_achats VALUES("28","0","9","24","0000-00-00","0000-00-00");
INSERT INTO t_historiques_achats VALUES("29","675","9","24","0000-00-00","0000-00-00");
INSERT INTO t_historiques_achats VALUES("30","186","10","200","0000-00-00","0000-00-00");
INSERT INTO t_historiques_achats VALUES("31","187","10","200","0000-00-00","0000-00-00");
INSERT INTO t_historiques_achats VALUES("32","221","11","160","0000-00-00","0000-00-00");
INSERT INTO t_historiques_achats VALUES("33","674","12","180","0000-00-00","0000-00-00");
INSERT INTO t_historiques_achats VALUES("34","218","12","60","0000-00-00","0000-00-00");
INSERT INTO t_historiques_achats VALUES("35","444","12","120","0000-00-00","0000-00-00");
INSERT INTO t_historiques_achats VALUES("36","656","12","300","0000-00-00","0000-00-00");
INSERT INTO t_historiques_achats VALUES("37","674","13","72","0000-00-00","0000-00-00");
INSERT INTO t_historiques_achats VALUES("38","500","13","66","0000-00-00","0000-00-00");
INSERT INTO t_historiques_achats VALUES("39","218","13","48","0000-00-00","0000-00-00");
INSERT INTO t_historiques_achats VALUES("40","320","14","120","0000-00-00","0000-00-00");
INSERT INTO t_historiques_achats VALUES("41","255","15","36","0000-00-00","0000-00-00");
INSERT INTO t_historiques_achats VALUES("42","259","15","72","0000-00-00","0000-00-00");
INSERT INTO t_historiques_achats VALUES("43","266","15","48","0000-00-00","0000-00-00");
INSERT INTO t_historiques_achats VALUES("44","264","15","24","0000-00-00","0000-00-00");
INSERT INTO t_historiques_achats VALUES("45","262","15","12","0000-00-00","0000-00-00");
INSERT INTO t_historiques_achats VALUES("46","257","15","24","0000-00-00","0000-00-00");
INSERT INTO t_historiques_achats VALUES("47","254","15","120","0000-00-00","0000-00-00");
INSERT INTO t_historiques_achats VALUES("48","256","15","30","0000-00-00","0000-00-00");
INSERT INTO t_historiques_achats VALUES("49","300","16","48","0000-00-00","0000-00-00");
INSERT INTO t_historiques_achats VALUES("50","25","16","48","0000-00-00","0000-00-00");
INSERT INTO t_historiques_achats VALUES("51","3","16","120","0000-00-00","0000-00-00");
INSERT INTO t_historiques_achats VALUES("52","157","16","96","0000-00-00","0000-00-00");
INSERT INTO t_historiques_achats VALUES("53","413","16","48","0000-00-00","0000-00-00");
INSERT INTO t_historiques_achats VALUES("54","24","16","48","0000-00-00","0000-00-00");
INSERT INTO t_historiques_achats VALUES("55","647","17","30","0000-00-00","0000-00-00");
INSERT INTO t_historiques_achats VALUES("56","503","17","180","0000-00-00","0000-00-00");
INSERT INTO t_historiques_achats VALUES("57","254","18","48","0000-00-00","0000-00-00");
INSERT INTO t_historiques_achats VALUES("58","300","18","12","0000-00-00","0000-00-00");
INSERT INTO t_historiques_achats VALUES("59","256","18","15","0000-00-00","0000-00-00");
INSERT INTO t_historiques_achats VALUES("60","255","18","12","0000-00-00","0000-00-00");
INSERT INTO t_historiques_achats VALUES("61","673","19","24","0000-00-00","0000-00-00");
INSERT INTO t_historiques_achats VALUES("62","157","19","24","0000-00-00","0000-00-00");
INSERT INTO t_historiques_achats VALUES("63","675","19","24","0000-00-00","0000-00-00");
INSERT INTO t_historiques_achats VALUES("64","441","20","300","0000-00-00","0000-00-00");
INSERT INTO t_historiques_achats VALUES("65","435","21","10","0000-00-00","0000-00-00");
INSERT INTO t_historiques_achats VALUES("66","552","21","50","0000-00-00","0000-00-00");
INSERT INTO t_historiques_achats VALUES("67","552","21","50","0000-00-00","0000-00-00");
INSERT INTO t_historiques_achats VALUES("68","436","21","10","0000-00-00","0000-00-00");
INSERT INTO t_historiques_achats VALUES("69","439","21","10","0000-00-00","0000-00-00");
INSERT INTO t_historiques_achats VALUES("70","536","22","27","0000-00-00","0000-00-00");
INSERT INTO t_historiques_achats VALUES("71","221","23","120","0000-00-00","0000-00-00");
INSERT INTO t_historiques_achats VALUES("72","186","24","200","0000-00-00","0000-00-00");
INSERT INTO t_historiques_achats VALUES("73","187","24","400","0000-00-00","0000-00-00");
INSERT INTO t_historiques_achats VALUES("74","255","25","36","0000-00-00","0000-00-00");
INSERT INTO t_historiques_achats VALUES("75","266","25","24","0000-00-00","0000-00-00");
INSERT INTO t_historiques_achats VALUES("76","262","25","12","0000-00-00","0000-00-00");
INSERT INTO t_historiques_achats VALUES("77","25","26","72","0000-00-00","0000-00-00");
INSERT INTO t_historiques_achats VALUES("78","3","26","240","0000-00-00","0000-00-00");
INSERT INTO t_historiques_achats VALUES("79","158","26","120","0000-00-00","0000-00-00");
INSERT INTO t_historiques_achats VALUES("80","413","26","96","0000-00-00","0000-00-00");
INSERT INTO t_historiques_achats VALUES("81","24","26","72","0000-00-00","0000-00-00");
INSERT INTO t_historiques_achats VALUES("82","556","27","15","0000-00-00","0000-00-00");
INSERT INTO t_historiques_achats VALUES("83","412","28","60","0000-00-00","0000-00-00");
INSERT INTO t_historiques_achats VALUES("84","221","29","160","0000-00-00","0000-00-00");
INSERT INTO t_historiques_achats VALUES("85","1","30","48","0000-00-00","0000-00-00");
INSERT INTO t_historiques_achats VALUES("86","788","31","12","0000-00-00","0000-00-00");
INSERT INTO t_historiques_achats VALUES("87","789","31","12","0000-00-00","0000-00-00");
INSERT INTO t_historiques_achats VALUES("88","790","31","12","0000-00-00","0000-00-00");
INSERT INTO t_historiques_achats VALUES("89","791","31","12","0000-00-00","0000-00-00");
INSERT INTO t_historiques_achats VALUES("90","792","31","12","0000-00-00","0000-00-00");
INSERT INTO t_historiques_achats VALUES("91","793","31","12","0000-00-00","0000-00-00");
INSERT INTO t_historiques_achats VALUES("92","794","31","12","0000-00-00","0000-00-00");
INSERT INTO t_historiques_achats VALUES("93","795","31","12","0000-00-00","0000-00-00");
INSERT INTO t_historiques_achats VALUES("94","221","32","160","0000-00-00","0000-00-00");
INSERT INTO t_historiques_achats VALUES("95","187","33","400","0000-00-00","0000-00-00");
INSERT INTO t_historiques_achats VALUES("96","431","34","20","0000-00-00","0000-00-00");
INSERT INTO t_historiques_achats VALUES("97","309","34","10","0000-00-00","0000-00-00");
INSERT INTO t_historiques_achats VALUES("98","259","35","96","0000-00-00","0000-00-00");
INSERT INTO t_historiques_achats VALUES("99","266","35","72","0000-00-00","0000-00-00");
INSERT INTO t_historiques_achats VALUES("100","262","35","24","0000-00-00","0000-00-00");
INSERT INTO t_historiques_achats VALUES("101","257","35","12","0000-00-00","0000-00-00");
INSERT INTO t_historiques_achats VALUES("102","254","35","168","0000-00-00","0000-00-00");
INSERT INTO t_historiques_achats VALUES("103","256","35","45","0000-00-00","0000-00-00");
INSERT INTO t_historiques_achats VALUES("104","537","36","48","0000-00-00","0000-00-00");
INSERT INTO t_historiques_achats VALUES("105","221","37","120","0000-00-00","0000-00-00");
INSERT INTO t_historiques_achats VALUES("106","184","38","10","0000-00-00","0000-00-00");
INSERT INTO t_historiques_achats VALUES("107","185","38","10","0000-00-00","0000-00-00");
INSERT INTO t_historiques_achats VALUES("108","610","38","1","0000-00-00","0000-00-00");
INSERT INTO t_historiques_achats VALUES("109","501","39","72","0000-00-00","0000-00-00");
INSERT INTO t_historiques_achats VALUES("110","673","39","72","0000-00-00","0000-00-00");
INSERT INTO t_historiques_achats VALUES("111","674","39","24","0000-00-00","0000-00-00");
INSERT INTO t_historiques_achats VALUES("112","440","40","100","0000-00-00","0000-00-00");
INSERT INTO t_historiques_achats VALUES("113","15","40","60","0000-00-00","0000-00-00");
INSERT INTO t_historiques_achats VALUES("114","796","40","20","0000-00-00","0000-00-00");
INSERT INTO t_historiques_achats VALUES("115","51","41","20","0000-00-00","0000-00-00");
INSERT INTO t_historiques_achats VALUES("116","69","41","20","0000-00-00","0000-00-00");
INSERT INTO t_historiques_achats VALUES("117","65","41","25","0000-00-00","0000-00-00");
INSERT INTO t_historiques_achats VALUES("118","62","41","240","0000-00-00","0000-00-00");
INSERT INTO t_historiques_achats VALUES("119","63","41","120","0000-00-00","0000-00-00");
INSERT INTO t_historiques_achats VALUES("120","179","41","144","0000-00-00","0000-00-00");
INSERT INTO t_historiques_achats VALUES("121","173","41","48","0000-00-00","0000-00-00");
INSERT INTO t_historiques_achats VALUES("122","626","41","120","0000-00-00","0000-00-00");
INSERT INTO t_historiques_achats VALUES("123","221","42","80","0000-00-00","0000-00-00");
INSERT INTO t_historiques_achats VALUES("124","617","43","18","0000-00-00","0000-00-00");
INSERT INTO t_historiques_achats VALUES("125","649","44","180","0000-00-00","0000-00-00");
INSERT INTO t_historiques_achats VALUES("126","650","44","108","0000-00-00","0000-00-00");
INSERT INTO t_historiques_achats VALUES("127","501","44","240","0000-00-00","0000-00-00");
INSERT INTO t_historiques_achats VALUES("128","302","45","12","0000-00-00","0000-00-00");
INSERT INTO t_historiques_achats VALUES("129","303","45","6","0000-00-00","0000-00-00");
INSERT INTO t_historiques_achats VALUES("130","349","45","100","0000-00-00","0000-00-00");
INSERT INTO t_historiques_achats VALUES("131","350","45","200","0000-00-00","0000-00-00");
INSERT INTO t_historiques_achats VALUES("132","361","45","6","0000-00-00","0000-00-00");
INSERT INTO t_historiques_achats VALUES("133","378","45","1200","0000-00-00","0000-00-00");
INSERT INTO t_historiques_achats VALUES("134","385","45","6","0000-00-00","0000-00-00");
INSERT INTO t_historiques_achats VALUES("135","398","45","6","0000-00-00","0000-00-00");
INSERT INTO t_historiques_achats VALUES("136","409","45","6","0000-00-00","0000-00-00");
INSERT INTO t_historiques_achats VALUES("137","195","45","12","0000-00-00","0000-00-00");
INSERT INTO t_historiques_achats VALUES("138","410","45","6","0000-00-00","0000-00-00");
INSERT INTO t_historiques_achats VALUES("139","416","45","12","0000-00-00","0000-00-00");
INSERT INTO t_historiques_achats VALUES("140","421","45","24","0000-00-00","0000-00-00");
INSERT INTO t_historiques_achats VALUES("141","443","45","12","0000-00-00","0000-00-00");
INSERT INTO t_historiques_achats VALUES("142","451","45","50","0000-00-00","0000-00-00");
INSERT INTO t_historiques_achats VALUES("143","797","45","60","0000-00-00","0000-00-00");
INSERT INTO t_historiques_achats VALUES("144","455","45","48","0000-00-00","0000-00-00");
INSERT INTO t_historiques_achats VALUES("145","618","45","12","0000-00-00","0000-00-00");
INSERT INTO t_historiques_achats VALUES("146","621","45","12","0000-00-00","0000-00-00");
INSERT INTO t_historiques_achats VALUES("147","679","45","12","0000-00-00","0000-00-00");
INSERT INTO t_historiques_achats VALUES("148","753","45","240","0000-00-00","0000-00-00");
INSERT INTO t_historiques_achats VALUES("149","18","46","24","0000-00-00","0000-00-00");
INSERT INTO t_historiques_achats VALUES("150","22","46","80","0000-00-00","0000-00-00");
INSERT INTO t_historiques_achats VALUES("151","226","46","500","0000-00-00","0000-00-00");
INSERT INTO t_historiques_achats VALUES("152","644","46","25","0000-00-00","0000-00-00");
INSERT INTO t_historiques_achats VALUES("153","404","46","18","0000-00-00","0000-00-00");
INSERT INTO t_historiques_achats VALUES("154","495","46","48","0000-00-00","0000-00-00");
INSERT INTO t_historiques_achats VALUES("155","407","46","15","0000-00-00","0000-00-00");
INSERT INTO t_historiques_achats VALUES("156","323","46","24","0000-00-00","0000-00-00");
INSERT INTO t_historiques_achats VALUES("157","402","46","600","0000-00-00","0000-00-00");
INSERT INTO t_historiques_achats VALUES("158","508","46","12","0000-00-00","0000-00-00");
INSERT INTO t_historiques_achats VALUES("159","298","46","12","0000-00-00","0000-00-00");
INSERT INTO t_historiques_achats VALUES("160","293","46","12","0000-00-00","0000-00-00");
INSERT INTO t_historiques_achats VALUES("161","742","46","15","0000-00-00","0000-00-00");
INSERT INTO t_historiques_achats VALUES("162","743","46","24","0000-00-00","0000-00-00");
INSERT INTO t_historiques_achats VALUES("163","278","46","15","0000-00-00","0000-00-00");
INSERT INTO t_historiques_achats VALUES("164","616","47","12","0000-00-00","0000-00-00");
INSERT INTO t_historiques_achats VALUES("165","593","47","24","0000-00-00","0000-00-00");
INSERT INTO t_historiques_achats VALUES("166","596","47","30","0000-00-00","0000-00-00");
INSERT INTO t_historiques_achats VALUES("167","481","47","12","0000-00-00","0000-00-00");
INSERT INTO t_historiques_achats VALUES("168","480","47","12","0000-00-00","0000-00-00");
INSERT INTO t_historiques_achats VALUES("169","160","47","6","0000-00-00","0000-00-00");
INSERT INTO t_historiques_achats VALUES("170","162","47","6","0000-00-00","0000-00-00");
INSERT INTO t_historiques_achats VALUES("171","414","47","6","0000-00-00","0000-00-00");
INSERT INTO t_historiques_achats VALUES("172","432","47","12","0000-00-00","0000-00-00");
INSERT INTO t_historiques_achats VALUES("173","299","47","6","0000-00-00","0000-00-00");
INSERT INTO t_historiques_achats VALUES("174","599","47","36","0000-00-00","0000-00-00");
INSERT INTO t_historiques_achats VALUES("175","415","47","4","0000-00-00","0000-00-00");
INSERT INTO t_historiques_achats VALUES("176","0","47","12","0000-00-00","0000-00-00");
INSERT INTO t_historiques_achats VALUES("177","482","47","12","0000-00-00","0000-00-00");
INSERT INTO t_historiques_achats VALUES("178","235","47","288","0000-00-00","0000-00-00");
INSERT INTO t_historiques_achats VALUES("179","562","47","12","0000-00-00","0000-00-00");
INSERT INTO t_historiques_achats VALUES("180","378","47","1400","0000-00-00","0000-00-00");
INSERT INTO t_historiques_achats VALUES("181","500","48","30","0000-00-00","0000-00-00");
INSERT INTO t_historiques_achats VALUES("182","627","49","96","0000-00-00","0000-00-00");
INSERT INTO t_historiques_achats VALUES("183","674","49","72","0000-00-00","0000-00-00");
INSERT INTO t_historiques_achats VALUES("184","675","49","120","0000-00-00","0000-00-00");
INSERT INTO t_historiques_achats VALUES("185","500","49","30","0000-00-00","0000-00-00");
INSERT INTO t_historiques_achats VALUES("186","218","49","60","0000-00-00","0000-00-00");
INSERT INTO t_historiques_achats VALUES("187","610","50","1","0000-00-00","0000-00-00");
INSERT INTO t_historiques_achats VALUES("188","2","50","24","0000-00-00","0000-00-00");
INSERT INTO t_historiques_achats VALUES("189","537","51","24","0000-00-00","0000-00-00");
INSERT INTO t_historiques_achats VALUES("190","536","51","27","0000-00-00","0000-00-00");
INSERT INTO t_historiques_achats VALUES("191","25","52","60","0000-00-00","0000-00-00");
INSERT INTO t_historiques_achats VALUES("192","3","52","96","0000-00-00","0000-00-00");
INSERT INTO t_historiques_achats VALUES("193","158","52","120","0000-00-00","0000-00-00");
INSERT INTO t_historiques_achats VALUES("194","24","52","60","0000-00-00","0000-00-00");
INSERT INTO t_historiques_achats VALUES("195","300","52","84","0000-00-00","0000-00-00");
INSERT INTO t_historiques_achats VALUES("196","255","53","36","0000-00-00","0000-00-00");
INSERT INTO t_historiques_achats VALUES("197","264","53","12","0000-00-00","0000-00-00");
INSERT INTO t_historiques_achats VALUES("198","254","53","72","0000-00-00","0000-00-00");
INSERT INTO t_historiques_achats VALUES("199","257","53","12","0000-00-00","0000-00-00");
INSERT INTO t_historiques_achats VALUES("200","186","54","200","0000-00-00","0000-00-00");
INSERT INTO t_historiques_achats VALUES("201","187","54","400","0000-00-00","0000-00-00");
INSERT INTO t_historiques_achats VALUES("202","221","54","160","0000-00-00","0000-00-00");
INSERT INTO t_historiques_achats VALUES("203","501","54","600","0000-00-00","0000-00-00");
INSERT INTO t_historiques_achats VALUES("204","657","54","60","0000-00-00","0000-00-00");
INSERT INTO t_historiques_achats VALUES("205","221","55","160","0000-00-00","0000-00-00");
INSERT INTO t_historiques_achats VALUES("206","309","56","50","0000-00-00","0000-00-00");
INSERT INTO t_historiques_achats VALUES("207","431","56","20","0000-00-00","0000-00-00");
INSERT INTO t_historiques_achats VALUES("208","228","57","24","0000-00-00","0000-00-00");
INSERT INTO t_historiques_achats VALUES("209","673","57","48","0000-00-00","0000-00-00");
INSERT INTO t_historiques_achats VALUES("210","649","58","30","0000-00-00","0000-00-00");
INSERT INTO t_historiques_achats VALUES("211","647","58","30","0000-00-00","0000-00-00");
INSERT INTO t_historiques_achats VALUES("212","498","58","12","0000-00-00","0000-00-00");
INSERT INTO t_historiques_achats VALUES("213","503","58","156","0000-00-00","0000-00-00");
INSERT INTO t_historiques_achats VALUES("214","634","59","20","0000-00-00","0000-00-00");
INSERT INTO t_historiques_achats VALUES("215","667","59","50","0000-00-00","0000-00-00");
INSERT INTO t_historiques_achats VALUES("216","388","59","12","0000-00-00","0000-00-00");
INSERT INTO t_historiques_achats VALUES("217","539","59","5","0000-00-00","0000-00-00");
INSERT INTO t_historiques_achats VALUES("218","540","59","20","0000-00-00","0000-00-00");
INSERT INTO t_historiques_achats VALUES("219","798","59","252","0000-00-00","0000-00-00");
INSERT INTO t_historiques_achats VALUES("220","222","60","80","0000-00-00","0000-00-00");
INSERT INTO t_historiques_achats VALUES("221","673","61","48","0000-00-00","0000-00-00");
INSERT INTO t_historiques_achats VALUES("222","675","61","24","0000-00-00","0000-00-00");
INSERT INTO t_historiques_achats VALUES("223","674","62","180","0000-00-00","0000-00-00");
INSERT INTO t_historiques_achats VALUES("224","218","62","60","0000-00-00","0000-00-00");
INSERT INTO t_historiques_achats VALUES("225","656","62","180","0000-00-00","0000-00-00");
INSERT INTO t_historiques_achats VALUES("226","599","63","48","0000-00-00","0000-00-00");
INSERT INTO t_historiques_achats VALUES("227","600","63","18","0000-00-00","0000-00-00");
INSERT INTO t_historiques_achats VALUES("228","589","63","12","0000-00-00","0000-00-00");
INSERT INTO t_historiques_achats VALUES("229","432","63","6","0000-00-00","0000-00-00");
INSERT INTO t_historiques_achats VALUES("230","74","63","6","0000-00-00","0000-00-00");
INSERT INTO t_historiques_achats VALUES("231","425","63","6","0000-00-00","0000-00-00");
INSERT INTO t_historiques_achats VALUES("232","572","63","12","0000-00-00","0000-00-00");
INSERT INTO t_historiques_achats VALUES("233","799","63","12","0000-00-00","0000-00-00");
INSERT INTO t_historiques_achats VALUES("234","419","63","240","0000-00-00","0000-00-00");
INSERT INTO t_historiques_achats VALUES("235","552","63","50","0000-00-00","0000-00-00");
INSERT INTO t_historiques_achats VALUES("236","235","63","288","0000-00-00","0000-00-00");
INSERT INTO t_historiques_achats VALUES("237","554","63","50","0000-00-00","0000-00-00");
INSERT INTO t_historiques_achats VALUES("238","697","64","12","0000-00-00","0000-00-00");
INSERT INTO t_historiques_achats VALUES("239","686","64","12","0000-00-00","0000-00-00");
INSERT INTO t_historiques_achats VALUES("240","753","64","240","0000-00-00","0000-00-00");
INSERT INTO t_historiques_achats VALUES("241","171","65","40","0000-00-00","0000-00-00");
INSERT INTO t_historiques_achats VALUES("242","323","65","24","0000-00-00","0000-00-00");
INSERT INTO t_historiques_achats VALUES("243","179","65","48","0000-00-00","0000-00-00");
INSERT INTO t_historiques_achats VALUES("244","36","66","48","0000-00-00","0000-00-00");
INSERT INTO t_historiques_achats VALUES("245","51","66","20","0000-00-00","0000-00-00");
INSERT INTO t_historiques_achats VALUES("246","65","66","25","0000-00-00","0000-00-00");
INSERT INTO t_historiques_achats VALUES("247","69","66","20","0000-00-00","0000-00-00");
INSERT INTO t_historiques_achats VALUES("248","71","66","36","0000-00-00","0000-00-00");
INSERT INTO t_historiques_achats VALUES("249","800","66","48","0000-00-00","0000-00-00");
INSERT INTO t_historiques_achats VALUES("250","173","66","168","0000-00-00","0000-00-00");
INSERT INTO t_historiques_achats VALUES("251","286","67","12","0000-00-00","0000-00-00");
INSERT INTO t_historiques_achats VALUES("252","391","67","12","0000-00-00","0000-00-00");
INSERT INTO t_historiques_achats VALUES("253","390","67","12","0000-00-00","0000-00-00");
INSERT INTO t_historiques_achats VALUES("254","395","67","12","0000-00-00","0000-00-00");
INSERT INTO t_historiques_achats VALUES("255","604","67","7","0000-00-00","0000-00-00");
INSERT INTO t_historiques_achats VALUES("256","407","67","15","0000-00-00","0000-00-00");
INSERT INTO t_historiques_achats VALUES("257","182","67","200","0000-00-00","0000-00-00");
INSERT INTO t_historiques_achats VALUES("258","103","67","50","0000-00-00","0000-00-00");
INSERT INTO t_historiques_achats VALUES("259","192","67","48","0000-00-00","0000-00-00");
INSERT INTO t_historiques_achats VALUES("260","387","67","2","0000-00-00","0000-00-00");
INSERT INTO t_historiques_achats VALUES("261","156","67","12","0000-00-00","0000-00-00");
INSERT INTO t_historiques_achats VALUES("262","163","67","12","0000-00-00","0000-00-00");
INSERT INTO t_historiques_achats VALUES("263","102","68","12","0000-00-00","0000-00-00");
INSERT INTO t_historiques_achats VALUES("264","571","68","60","0000-00-00","0000-00-00");
INSERT INTO t_historiques_achats VALUES("265","801","68","60","0000-00-00","0000-00-00");
INSERT INTO t_historiques_achats VALUES("266","588","68","60","0000-00-00","0000-00-00");
INSERT INTO t_historiques_achats VALUES("267","557","68","80","0000-00-00","0000-00-00");
INSERT INTO t_historiques_achats VALUES("268","618","68","12","0000-00-00","0000-00-00");
INSERT INTO t_historiques_achats VALUES("269","644","68","25","0000-00-00","0000-00-00");
INSERT INTO t_historiques_achats VALUES("270","678","68","150","0000-00-00","0000-00-00");
INSERT INTO t_historiques_achats VALUES("271","677","68","108","0000-00-00","0000-00-00");
INSERT INTO t_historiques_achats VALUES("272","194","68","16","0000-00-00","0000-00-00");
INSERT INTO t_historiques_achats VALUES("273","35","68","100","0000-00-00","0000-00-00");
INSERT INTO t_historiques_achats VALUES("274","203","68","200","0000-00-00","0000-00-00");
INSERT INTO t_historiques_achats VALUES("275","434","68","48","0000-00-00","0000-00-00");
INSERT INTO t_historiques_achats VALUES("276","495","68","48","0000-00-00","0000-00-00");
INSERT INTO t_historiques_achats VALUES("277","278","68","15","0000-00-00","0000-00-00");
INSERT INTO t_historiques_achats VALUES("278","385","68","6","0000-00-00","0000-00-00");
INSERT INTO t_historiques_achats VALUES("279","299","68","26","0000-00-00","0000-00-00");
INSERT INTO t_historiques_achats VALUES("280","295","68","12","0000-00-00","0000-00-00");
INSERT INTO t_historiques_achats VALUES("281","292","68","12","0000-00-00","0000-00-00");
INSERT INTO t_historiques_achats VALUES("282","296","68","12","0000-00-00","0000-00-00");
INSERT INTO t_historiques_achats VALUES("283","802","68","6","0000-00-00","0000-00-00");
INSERT INTO t_historiques_achats VALUES("284","803","68","6","0000-00-00","0000-00-00");
INSERT INTO t_historiques_achats VALUES("285","804","68","6","0000-00-00","0000-00-00");
INSERT INTO t_historiques_achats VALUES("286","309","69","30","0000-00-00","0000-00-00");
INSERT INTO t_historiques_achats VALUES("287","144","69","20","0000-00-00","0000-00-00");
INSERT INTO t_historiques_achats VALUES("288","221","70","80","0000-00-00","0000-00-00");
INSERT INTO t_historiques_achats VALUES("289","259","71","48","0000-00-00","0000-00-00");
INSERT INTO t_historiques_achats VALUES("290","266","71","96","0000-00-00","0000-00-00");
INSERT INTO t_historiques_achats VALUES("291","262","71","24","0000-00-00","0000-00-00");
INSERT INTO t_historiques_achats VALUES("292","254","71","96","0000-00-00","0000-00-00");
INSERT INTO t_historiques_achats VALUES("293","556","72","15","0000-00-00","0000-00-00");
INSERT INTO t_historiques_achats VALUES("294","649","73","180","0000-00-00","0000-00-00");
INSERT INTO t_historiques_achats VALUES("295","503","73","60","0000-00-00","0000-00-00");
INSERT INTO t_historiques_achats VALUES("296","267","74","144","0000-00-00","0000-00-00");
INSERT INTO t_historiques_achats VALUES("297","533","75","60","0000-00-00","0000-00-00");
INSERT INTO t_historiques_achats VALUES("298","805","76","144","0000-00-00","0000-00-00");
INSERT INTO t_historiques_achats VALUES("299","199","76","1","0000-00-00","0000-00-00");
INSERT INTO t_historiques_achats VALUES("300","79","76","360","0000-00-00","0000-00-00");
INSERT INTO t_historiques_achats VALUES("301","99","77","60","0000-00-00","0000-00-00");
INSERT INTO t_historiques_achats VALUES("302","3","77","180","0000-00-00","0000-00-00");
INSERT INTO t_historiques_achats VALUES("303","413","77","84","0000-00-00","0000-00-00");
INSERT INTO t_historiques_achats VALUES("304","300","77","48","0000-00-00","0000-00-00");
INSERT INTO t_historiques_achats VALUES("305","187","78","600","0000-00-00","0000-00-00");
INSERT INTO t_historiques_achats VALUES("306","221","79","160","0000-00-00","0000-00-00");
INSERT INTO t_historiques_achats VALUES("307","259","80","24","0000-00-00","0000-00-00");
INSERT INTO t_historiques_achats VALUES("308","266","80","24","0000-00-00","0000-00-00");
INSERT INTO t_historiques_achats VALUES("309","254","80","72","0000-00-00","0000-00-00");
INSERT INTO t_historiques_achats VALUES("310","256","80","15","0000-00-00","0000-00-00");
INSERT INTO t_historiques_achats VALUES("311","781","81","86","0000-00-00","0000-00-00");
INSERT INTO t_historiques_achats VALUES("312","186","82","200","0000-00-00","0000-00-00");
INSERT INTO t_historiques_achats VALUES("313","187","82","600","0000-00-00","0000-00-00");
INSERT INTO t_historiques_achats VALUES("314","627","83","48","0000-00-00","0000-00-00");
INSERT INTO t_historiques_achats VALUES("315","674","83","216","0000-00-00","0000-00-00");
INSERT INTO t_historiques_achats VALUES("316","500","83","6","0000-00-00","0000-00-00");
INSERT INTO t_historiques_achats VALUES("317","673","83","24","0000-00-00","0000-00-00");
INSERT INTO t_historiques_achats VALUES("318","380","83","48","0000-00-00","0000-00-00");
INSERT INTO t_historiques_achats VALUES("319","444","83","72","0000-00-00","0000-00-00");
INSERT INTO t_historiques_achats VALUES("320","675","84","72","0000-00-00","0000-00-00");
INSERT INTO t_historiques_achats VALUES("321","228","84","24","0000-00-00","0000-00-00");
INSERT INTO t_historiques_achats VALUES("322","255","85","24","0000-00-00","0000-00-00");
INSERT INTO t_historiques_achats VALUES("323","610","86","1","0000-00-00","0000-00-00");
INSERT INTO t_historiques_achats VALUES("324","611","86","1","0000-00-00","0000-00-00");
INSERT INTO t_historiques_achats VALUES("325","158","87","60","0000-00-00","0000-00-00");
INSERT INTO t_historiques_achats VALUES("326","614","88","60","0000-00-00","0000-00-00");
INSERT INTO t_historiques_achats VALUES("327","503","89","480","0000-00-00","0000-00-00");
INSERT INTO t_historiques_achats VALUES("328","500","90","30","0000-00-00","0000-00-00");
INSERT INTO t_historiques_achats VALUES("329","627","91","60","0000-00-00","0000-00-00");
INSERT INTO t_historiques_achats VALUES("330","501","91","36","0000-00-00","0000-00-00");
INSERT INTO t_historiques_achats VALUES("331","674","91","300","0000-00-00","0000-00-00");
INSERT INTO t_historiques_achats VALUES("332","500","91","18","0000-00-00","0000-00-00");
INSERT INTO t_historiques_achats VALUES("333","444","91","60","0000-00-00","0000-00-00");
INSERT INTO t_historiques_achats VALUES("334","656","91","300","0000-00-00","0000-00-00");
INSERT INTO t_historiques_achats VALUES("335","424","92","12","0000-00-00","0000-00-00");
INSERT INTO t_historiques_achats VALUES("336","418","92","32","0000-00-00","0000-00-00");
INSERT INTO t_historiques_achats VALUES("337","221","93","160","0000-00-00","0000-00-00");
INSERT INTO t_historiques_achats VALUES("338","186","94","200","0000-00-00","0000-00-00");
INSERT INTO t_historiques_achats VALUES("339","187","94","200","0000-00-00","0000-00-00");
INSERT INTO t_historiques_achats VALUES("340","255","95","60","0000-00-00","0000-00-00");
INSERT INTO t_historiques_achats VALUES("341","259","95","72","0000-00-00","0000-00-00");
INSERT INTO t_historiques_achats VALUES("342","266","95","96","0000-00-00","0000-00-00");
INSERT INTO t_historiques_achats VALUES("343","265","95","24","0000-00-00","0000-00-00");
INSERT INTO t_historiques_achats VALUES("344","264","95","12","0000-00-00","0000-00-00");
INSERT INTO t_historiques_achats VALUES("345","262","95","24","0000-00-00","0000-00-00");
INSERT INTO t_historiques_achats VALUES("346","257","95","24","0000-00-00","0000-00-00");
INSERT INTO t_historiques_achats VALUES("347","254","95","96","0000-00-00","0000-00-00");
INSERT INTO t_historiques_achats VALUES("348","256","95","45","0000-00-00","0000-00-00");
INSERT INTO t_historiques_achats VALUES("349","647","96","35","0000-00-00","0000-00-00");
INSERT INTO t_historiques_achats VALUES("350","806","96","72","0000-00-00","0000-00-00");
INSERT INTO t_historiques_achats VALUES("351","807","97","240","0000-00-00","0000-00-00");
INSERT INTO t_historiques_achats VALUES("352","221","98","80","0000-00-00","0000-00-00");
INSERT INTO t_historiques_achats VALUES("353","616","99","12","0000-00-00","0000-00-00");
INSERT INTO t_historiques_achats VALUES("354","313","100","24","0000-00-00","0000-00-00");
INSERT INTO t_historiques_achats VALUES("355","484","101","12","0000-00-00","0000-00-00");
INSERT INTO t_historiques_achats VALUES("356","303","101","6","0000-00-00","0000-00-00");
INSERT INTO t_historiques_achats VALUES("357","491","101","6","0000-00-00","0000-00-00");
INSERT INTO t_historiques_achats VALUES("358","441","102","300","0000-00-00","0000-00-00");
INSERT INTO t_historiques_achats VALUES("359","221","103","80","0000-00-00","0000-00-00");
INSERT INTO t_historiques_achats VALUES("360","373","104","100","0000-00-00","0000-00-00");
INSERT INTO t_historiques_achats VALUES("361","619","104","12","0000-00-00","0000-00-00");
INSERT INTO t_historiques_achats VALUES("362","186","105","200","0000-00-00","0000-00-00");
INSERT INTO t_historiques_achats VALUES("363","187","105","200","0000-00-00","0000-00-00");
INSERT INTO t_historiques_achats VALUES("364","184","106","20","0000-00-00","0000-00-00");
INSERT INTO t_historiques_achats VALUES("365","25","107","96","0000-00-00","0000-00-00");
INSERT INTO t_historiques_achats VALUES("366","3","107","120","0000-00-00","0000-00-00");
INSERT INTO t_historiques_achats VALUES("367","158","107","300","0000-00-00","0000-00-00");
INSERT INTO t_historiques_achats VALUES("368","413","107","48","0000-00-00","0000-00-00");
INSERT INTO t_historiques_achats VALUES("369","24","107","120","0000-00-00","0000-00-00");
INSERT INTO t_historiques_achats VALUES("370","300","107","48","0000-00-00","0000-00-00");
INSERT INTO t_historiques_achats VALUES("371","99","107","120","0000-00-00","0000-00-00");
INSERT INTO t_historiques_achats VALUES("372","536","108","54","0000-00-00","0000-00-00");
INSERT INTO t_historiques_achats VALUES("373","431","109","20","0000-00-00","0000-00-00");
INSERT INTO t_historiques_achats VALUES("374","674","110","108","0000-00-00","0000-00-00");
INSERT INTO t_historiques_achats VALUES("375","501","110","96","0000-00-00","0000-00-00");
INSERT INTO t_historiques_achats VALUES("376","808","111","48","0000-00-00","0000-00-00");
INSERT INTO t_historiques_achats VALUES("377","809","111","72","0000-00-00","0000-00-00");
INSERT INTO t_historiques_achats VALUES("378","810","111","90","0000-00-00","0000-00-00");
INSERT INTO t_historiques_achats VALUES("379","811","111","40","0000-00-00","0000-00-00");
INSERT INTO t_historiques_achats VALUES("380","3","112","156","0000-00-00","0000-00-00");
INSERT INTO t_historiques_achats VALUES("381","300","112","36","0000-00-00","0000-00-00");
INSERT INTO t_historiques_achats VALUES("382","186","113","200","0000-00-00","0000-00-00");
INSERT INTO t_historiques_achats VALUES("383","187","113","200","0000-00-00","0000-00-00");
INSERT INTO t_historiques_achats VALUES("384","320","114","120","0000-00-00","0000-00-00");
INSERT INTO t_historiques_achats VALUES("385","629","114","36","0000-00-00","0000-00-00");
INSERT INTO t_historiques_achats VALUES("386","405","115","250","0000-00-00","0000-00-00");
INSERT INTO t_historiques_achats VALUES("387","211","115","1000","0000-00-00","0000-00-00");
INSERT INTO t_historiques_achats VALUES("388","275","115","15","0000-00-00","0000-00-00");
INSERT INTO t_historiques_achats VALUES("389","329","115","24","0000-00-00","0000-00-00");
INSERT INTO t_historiques_achats VALUES("390","278","115","15","0000-00-00","0000-00-00");
INSERT INTO t_historiques_achats VALUES("391","404","115","18","0000-00-00","0000-00-00");
INSERT INTO t_historiques_achats VALUES("392","631","115","20","0000-00-00","0000-00-00");
INSERT INTO t_historiques_achats VALUES("393","633","115","20","0000-00-00","0000-00-00");
INSERT INTO t_historiques_achats VALUES("394","638","115","20","0000-00-00","0000-00-00");
INSERT INTO t_historiques_achats VALUES("395","387","115","2","0000-00-00","0000-00-00");
INSERT INTO t_historiques_achats VALUES("396","587","115","156","0000-00-00","0000-00-00");
INSERT INTO t_historiques_achats VALUES("397","508","115","12","0000-00-00","0000-00-00");
INSERT INTO t_historiques_achats VALUES("398","812","115","30","0000-00-00","0000-00-00");
INSERT INTO t_historiques_achats VALUES("399","514","115","10","0000-00-00","0000-00-00");
INSERT INTO t_historiques_achats VALUES("400","100","115","240","0000-00-00","0000-00-00");
INSERT INTO t_historiques_achats VALUES("401","213","115","48","0000-00-00","0000-00-00");
INSERT INTO t_historiques_achats VALUES("402","10","115","40","0000-00-00","0000-00-00");
INSERT INTO t_historiques_achats VALUES("403","644","115","25","0000-00-00","0000-00-00");
INSERT INTO t_historiques_achats VALUES("404","654","115","60","0000-00-00","0000-00-00");
INSERT INTO t_historiques_achats VALUES("405","813","116","48","0000-00-00","0000-00-00");
INSERT INTO t_historiques_achats VALUES("406","277","117","14","0000-00-00","0000-00-00");
INSERT INTO t_historiques_achats VALUES("407","29","118","16","0000-00-00","0000-00-00");
INSERT INTO t_historiques_achats VALUES("408","0","119","2","0000-00-00","0000-00-00");
INSERT INTO t_historiques_achats VALUES("409","31","119","2","0000-00-00","0000-00-00");
INSERT INTO t_historiques_achats VALUES("410","105","120","12","0000-00-00","0000-00-00");
INSERT INTO t_historiques_achats VALUES("411","109","121","6","0000-00-00","0000-00-00");
INSERT INTO t_historiques_achats VALUES("412","242","122","1","0000-00-00","0000-00-00");
INSERT INTO t_historiques_achats VALUES("413","653","123","100","0000-00-00","0000-00-00");
INSERT INTO t_historiques_achats VALUES("414","554","124","50","0000-00-00","0000-00-00");
INSERT INTO t_historiques_achats VALUES("415","45","125","4","0000-00-00","0000-00-00");
INSERT INTO t_historiques_achats VALUES("416","485","126","6","0000-00-00","0000-00-00");
INSERT INTO t_historiques_achats VALUES("417","562","127","12","0000-00-00","0000-00-00");
INSERT INTO t_historiques_achats VALUES("418","525","128","3","0000-00-00","0000-00-00");
INSERT INTO t_historiques_achats VALUES("419","162","129","6","0000-00-00","0000-00-00");
INSERT INTO t_historiques_achats VALUES("420","516","130","10","0000-00-00","0000-00-00");
INSERT INTO t_historiques_achats VALUES("421","609","131","13","0000-00-00","0000-00-00");
INSERT INTO t_historiques_achats VALUES("422","784","132","5","0000-00-00","0000-00-00");
INSERT INTO t_historiques_achats VALUES("423","783","132","6","0000-00-00","0000-00-00");
INSERT INTO t_historiques_achats VALUES("424","814","133","9","0000-00-00","0000-00-00");
INSERT INTO t_historiques_achats VALUES("425","815","133","11","0000-00-00","0000-00-00");
INSERT INTO t_historiques_achats VALUES("426","816","133","10","0000-00-00","0000-00-00");
INSERT INTO t_historiques_achats VALUES("427","817","133","11","0000-00-00","0000-00-00");
INSERT INTO t_historiques_achats VALUES("428","818","133","11","0000-00-00","0000-00-00");
INSERT INTO t_historiques_achats VALUES("429","680","134","25","0000-00-00","0000-00-00");
INSERT INTO t_historiques_achats VALUES("430","438","135","20","0000-00-00","0000-00-00");
INSERT INTO t_historiques_achats VALUES("431","819","136","1152","0000-00-00","0000-00-00");
INSERT INTO t_historiques_achats VALUES("432","822","136","391","0000-00-00","0000-00-00");
INSERT INTO t_historiques_achats VALUES("433","823","136","377","0000-00-00","0000-00-00");
INSERT INTO t_historiques_achats VALUES("434","827","136","202","0000-00-00","0000-00-00");
INSERT INTO t_historiques_achats VALUES("435","829","136","152","0000-00-00","0000-00-00");
INSERT INTO t_historiques_achats VALUES("436","830","136","927","0000-00-00","0000-00-00");
INSERT INTO t_historiques_achats VALUES("437","837","136","278","0000-00-00","0000-00-00");
INSERT INTO t_historiques_achats VALUES("438","839","136","68","0000-00-00","0000-00-00");
INSERT INTO t_historiques_achats VALUES("439","848","136","331","0000-00-00","0000-00-00");
INSERT INTO t_historiques_achats VALUES("440","860","136","360","0000-00-00","0000-00-00");
INSERT INTO t_historiques_achats VALUES("441","864","136","252","0000-00-00","0000-00-00");
INSERT INTO t_historiques_achats VALUES("442","867","136","285","0000-00-00","0000-00-00");
INSERT INTO t_historiques_achats VALUES("443","866","136","550","0000-00-00","0000-00-00");
INSERT INTO t_historiques_achats VALUES("444","882","136","318","0000-00-00","0000-00-00");
INSERT INTO t_historiques_achats VALUES("445","886","136","931","0000-00-00","0000-00-00");
INSERT INTO t_historiques_achats VALUES("446","887","136","304","0000-00-00","0000-00-00");
INSERT INTO t_historiques_achats VALUES("447","888","136","1845","0000-00-00","0000-00-00");
INSERT INTO t_historiques_achats VALUES("448","889","136","264","0000-00-00","0000-00-00");
INSERT INTO t_historiques_achats VALUES("449","841","137","722","0000-00-00","0000-00-00");
INSERT INTO t_historiques_achats VALUES("450","842","137","220","0000-00-00","0000-00-00");
INSERT INTO t_historiques_achats VALUES("451","843","137","168","0000-00-00","0000-00-00");
INSERT INTO t_historiques_achats VALUES("452","844","137","102","0000-00-00","0000-00-00");
INSERT INTO t_historiques_achats VALUES("453","845","137","368","0000-00-00","0000-00-00");
INSERT INTO t_historiques_achats VALUES("454","846","137","457","0000-00-00","0000-00-00");
INSERT INTO t_historiques_achats VALUES("455","847","137","62","0000-00-00","0000-00-00");
INSERT INTO t_historiques_achats VALUES("456","850","137","286","0000-00-00","0000-00-00");
INSERT INTO t_historiques_achats VALUES("457","853","138","306","0000-00-00","0000-00-00");
INSERT INTO t_historiques_achats VALUES("458","868","139","1460","0000-00-00","0000-00-00");
INSERT INTO t_historiques_achats VALUES("459","884","139","118","0000-00-00","0000-00-00");
INSERT INTO t_historiques_achats VALUES("460","885","139","440","0000-00-00","0000-00-00");
INSERT INTO t_historiques_achats VALUES("461","820","140","18","0000-00-00","0000-00-00");
INSERT INTO t_historiques_achats VALUES("462","821","140","10","0000-00-00","0000-00-00");
INSERT INTO t_historiques_achats VALUES("463","824","140","40","0000-00-00","0000-00-00");
INSERT INTO t_historiques_achats VALUES("464","825","140","52","0000-00-00","0000-00-00");
INSERT INTO t_historiques_achats VALUES("465","826","140","52","0000-00-00","0000-00-00");
INSERT INTO t_historiques_achats VALUES("466","831","140","12","0000-00-00","0000-00-00");
INSERT INTO t_historiques_achats VALUES("467","832","140","216","0000-00-00","0000-00-00");
INSERT INTO t_historiques_achats VALUES("468","833","140","244","0000-00-00","0000-00-00");
INSERT INTO t_historiques_achats VALUES("469","834","140","40","0000-00-00","0000-00-00");
INSERT INTO t_historiques_achats VALUES("470","835","140","2000","0000-00-00","0000-00-00");
INSERT INTO t_historiques_achats VALUES("471","836","140","3754","0000-00-00","0000-00-00");
INSERT INTO t_historiques_achats VALUES("472","840","140","768","0000-00-00","0000-00-00");
INSERT INTO t_historiques_achats VALUES("473","849","140","65","0000-00-00","0000-00-00");
INSERT INTO t_historiques_achats VALUES("474","851","140","12","0000-00-00","0000-00-00");
INSERT INTO t_historiques_achats VALUES("475","828","141","74","0000-00-00","0000-00-00");
INSERT INTO t_historiques_achats VALUES("476","852","141","170","0000-00-00","0000-00-00");
INSERT INTO t_historiques_achats VALUES("477","861","141","100","0000-00-00","0000-00-00");
INSERT INTO t_historiques_achats VALUES("478","536","141","108","0000-00-00","0000-00-00");
INSERT INTO t_historiques_achats VALUES("479","854","142","66","0000-00-00","0000-00-00");
INSERT INTO t_historiques_achats VALUES("480","855","142","2700","0000-00-00","0000-00-00");
INSERT INTO t_historiques_achats VALUES("481","856","142","12","0000-00-00","0000-00-00");
INSERT INTO t_historiques_achats VALUES("482","857","142","7","0000-00-00","0000-00-00");
INSERT INTO t_historiques_achats VALUES("483","858","142","49","0000-00-00","0000-00-00");
INSERT INTO t_historiques_achats VALUES("484","859","142","32","0000-00-00","0000-00-00");
INSERT INTO t_historiques_achats VALUES("485","862","142","26","0000-00-00","0000-00-00");
INSERT INTO t_historiques_achats VALUES("486","863","142","769","0000-00-00","0000-00-00");
INSERT INTO t_historiques_achats VALUES("487","865","142","98","0000-00-00","0000-00-00");
INSERT INTO t_historiques_achats VALUES("488","869","142","27","0000-00-00","0000-00-00");
INSERT INTO t_historiques_achats VALUES("489","871","142","190","0000-00-00","0000-00-00");
INSERT INTO t_historiques_achats VALUES("490","872","142","176","0000-00-00","0000-00-00");
INSERT INTO t_historiques_achats VALUES("491","873","142","32","0000-00-00","0000-00-00");
INSERT INTO t_historiques_achats VALUES("492","874","142","38","0000-00-00","0000-00-00");
INSERT INTO t_historiques_achats VALUES("493","875","142","130","0000-00-00","0000-00-00");
INSERT INTO t_historiques_achats VALUES("494","876","142","413","0000-00-00","0000-00-00");
INSERT INTO t_historiques_achats VALUES("495","877","142","146","0000-00-00","0000-00-00");
INSERT INTO t_historiques_achats VALUES("496","879","142","3","0000-00-00","0000-00-00");
INSERT INTO t_historiques_achats VALUES("497","878","142","3","0000-00-00","0000-00-00");
INSERT INTO t_historiques_achats VALUES("498","880","142","25","0000-00-00","0000-00-00");
INSERT INTO t_historiques_achats VALUES("499","881","142","24","0000-00-00","0000-00-00");
INSERT INTO t_historiques_achats VALUES("500","883","142","77","0000-00-00","0000-00-00");
INSERT INTO t_historiques_achats VALUES("501","890","143","128","0000-00-00","0000-00-00");
INSERT INTO t_historiques_achats VALUES("502","891","144","108","0000-00-00","0000-00-00");
INSERT INTO t_historiques_achats VALUES("503","892","144","48","0000-00-00","0000-00-00");
INSERT INTO t_historiques_achats VALUES("504","838","145","1938","0000-00-00","0000-00-00");
INSERT INTO t_historiques_achats VALUES("505","805","146","144","0000-00-00","0000-00-00");
INSERT INTO t_historiques_achats VALUES("506","199","146","2","0000-00-00","0000-00-00");
INSERT INTO t_historiques_achats VALUES("507","617","146","18","0000-00-00","0000-00-00");
INSERT INTO t_historiques_achats VALUES("508","349","146","100","0000-00-00","0000-00-00");
INSERT INTO t_historiques_achats VALUES("509","244","146","6","0000-00-00","0000-00-00");
INSERT INTO t_historiques_achats VALUES("510","248","146","6","0000-00-00","0000-00-00");
INSERT INTO t_historiques_achats VALUES("511","530","146","48","0000-00-00","0000-00-00");
INSERT INTO t_historiques_achats VALUES("512","532","146","48","0000-00-00","0000-00-00");
INSERT INTO t_historiques_achats VALUES("513","79","146","720","0000-00-00","0000-00-00");
INSERT INTO t_historiques_achats VALUES("514","882","147","24","0000-00-00","0000-00-00");
INSERT INTO t_historiques_achats VALUES("515","888","147","156","0000-00-00","0000-00-00");
INSERT INTO t_historiques_achats VALUES("516","866","147","60","0000-00-00","0000-00-00");
INSERT INTO t_historiques_achats VALUES("517","607","147","240","0000-00-00","0000-00-00");
INSERT INTO t_historiques_achats VALUES("518","892","148","48","0000-00-00","0000-00-00");
INSERT INTO t_historiques_achats VALUES("519","867","149","78","0000-00-00","0000-00-00");
INSERT INTO t_historiques_achats VALUES("520","866","149","60","0000-00-00","0000-00-00");
INSERT INTO t_historiques_achats VALUES("521","848","149","24","0000-00-00","0000-00-00");
INSERT INTO t_historiques_achats VALUES("522","269","149","48","0000-00-00","0000-00-00");
INSERT INTO t_historiques_achats VALUES("523","85","150","900","0000-00-00","0000-00-00");
INSERT INTO t_historiques_achats VALUES("524","167","150","520","0000-00-00","0000-00-00");
INSERT INTO t_historiques_achats VALUES("525","657","151","60","0000-00-00","0000-00-00");
INSERT INTO t_historiques_achats VALUES("526","867","151","18","0000-00-00","0000-00-00");
INSERT INTO t_historiques_achats VALUES("527","836","152","400","0000-00-00","0000-00-00");
INSERT INTO t_historiques_achats VALUES("528","838","153","80","0000-00-00","0000-00-00");
INSERT INTO t_historiques_achats VALUES("529","863","154","300","0000-00-00","0000-00-00");
INSERT INTO t_historiques_achats VALUES("530","849","155","15","0000-00-00","0000-00-00");
INSERT INTO t_historiques_achats VALUES("531","878","155","1","0000-00-00","0000-00-00");
INSERT INTO t_historiques_achats VALUES("532","879","155","1","0000-00-00","0000-00-00");
INSERT INTO t_historiques_achats VALUES("533","838","156","160","0000-00-00","0000-00-00");
INSERT INTO t_historiques_achats VALUES("534","842","157","36","0000-00-00","0000-00-00");
INSERT INTO t_historiques_achats VALUES("535","846","157","48","0000-00-00","0000-00-00");
INSERT INTO t_historiques_achats VALUES("536","844","157","12","0000-00-00","0000-00-00");
INSERT INTO t_historiques_achats VALUES("537","841","157","48","0000-00-00","0000-00-00");
INSERT INTO t_historiques_achats VALUES("538","843","157","30","0000-00-00","0000-00-00");
INSERT INTO t_historiques_achats VALUES("539","835","158","200","0000-00-00","0000-00-00");
INSERT INTO t_historiques_achats VALUES("540","836","158","600","0000-00-00","0000-00-00");
INSERT INTO t_historiques_achats VALUES("541","839","159","72","0000-00-00","0000-00-00");
INSERT INTO t_historiques_achats VALUES("542","819","159","60","0000-00-00","0000-00-00");
INSERT INTO t_historiques_achats VALUES("543","830","159","24","0000-00-00","0000-00-00");
INSERT INTO t_historiques_achats VALUES("544","860","159","36","0000-00-00","0000-00-00");
INSERT INTO t_historiques_achats VALUES("545","269","159","96","0000-00-00","0000-00-00");
INSERT INTO t_historiques_achats VALUES("546","827","159","60","0000-00-00","0000-00-00");
INSERT INTO t_historiques_achats VALUES("547","861","160","20","0000-00-00","0000-00-00");
INSERT INTO t_historiques_achats VALUES("548","852","160","20","0000-00-00","0000-00-00");
INSERT INTO t_historiques_achats VALUES("549","838","161","80","0000-00-00","0000-00-00");
INSERT INTO t_historiques_achats VALUES("550","183","162","400","0000-00-00","0000-00-00");
INSERT INTO t_historiques_achats VALUES("551","845","163","72","0000-00-00","0000-00-00");
INSERT INTO t_historiques_achats VALUES("552","846","163","72","0000-00-00","0000-00-00");
INSERT INTO t_historiques_achats VALUES("553","890","163","12","0000-00-00","0000-00-00");
INSERT INTO t_historiques_achats VALUES("554","844","163","12","0000-00-00","0000-00-00");
INSERT INTO t_historiques_achats VALUES("555","841","163","96","0000-00-00","0000-00-00");
INSERT INTO t_historiques_achats VALUES("556","843","163","30","0000-00-00","0000-00-00");
INSERT INTO t_historiques_achats VALUES("557","819","164","336","0000-00-00","0000-00-00");
INSERT INTO t_historiques_achats VALUES("558","159","164","24","0000-00-00","0000-00-00");
INSERT INTO t_historiques_achats VALUES("559","822","164","60","0000-00-00","0000-00-00");
INSERT INTO t_historiques_achats VALUES("560","850","164","60","0000-00-00","0000-00-00");
INSERT INTO t_historiques_achats VALUES("561","884","165","25","0000-00-00","0000-00-00");
INSERT INTO t_historiques_achats VALUES("562","806","165","48","0000-00-00","0000-00-00");
INSERT INTO t_historiques_achats VALUES("563","868","165","132","0000-00-00","0000-00-00");
INSERT INTO t_historiques_achats VALUES("564","888","166","144","0000-00-00","0000-00-00");
INSERT INTO t_historiques_achats VALUES("565","837","166","36","0000-00-00","0000-00-00");
INSERT INTO t_historiques_achats VALUES("566","886","166","300","0000-00-00","0000-00-00");
INSERT INTO t_historiques_achats VALUES("567","838","167","160","0000-00-00","0000-00-00");
INSERT INTO t_historiques_achats VALUES("568","886","168","60","0000-00-00","0000-00-00");
INSERT INTO t_historiques_achats VALUES("569","835","169","400","0000-00-00","0000-00-00");
INSERT INTO t_historiques_achats VALUES("570","836","169","400","0000-00-00","0000-00-00");
INSERT INTO t_historiques_achats VALUES("571","849","170","15","0000-00-00","0000-00-00");
INSERT INTO t_historiques_achats VALUES("572","892","171","24","0000-00-00","0000-00-00");
INSERT INTO t_historiques_achats VALUES("573","838","172","80","0000-00-00","0000-00-00");
INSERT INTO t_historiques_achats VALUES("574","838","173","80","0000-00-00","0000-00-00");
INSERT INTO t_historiques_achats VALUES("575","823","174","60","0000-00-00","0000-00-00");
INSERT INTO t_historiques_achats VALUES("576","830","174","120","0000-00-00","0000-00-00");
INSERT INTO t_historiques_achats VALUES("577","829","174","96","0000-00-00","0000-00-00");
INSERT INTO t_historiques_achats VALUES("578","830","174","360","0000-00-00","0000-00-00");
INSERT INTO t_historiques_achats VALUES("579","13","174","12","0000-00-00","0000-00-00");
INSERT INTO t_historiques_achats VALUES("580","822","174","60","0000-00-00","0000-00-00");
INSERT INTO t_historiques_achats VALUES("581","830","175","72","0000-00-00","0000-00-00");
INSERT INTO t_historiques_achats VALUES("582","838","176","80","0000-00-00","0000-00-00");
INSERT INTO t_historiques_achats VALUES("583","842","177","36","0000-00-00","0000-00-00");
INSERT INTO t_historiques_achats VALUES("584","846","177","72","0000-00-00","0000-00-00");
INSERT INTO t_historiques_achats VALUES("585","844","177","24","0000-00-00","0000-00-00");
INSERT INTO t_historiques_achats VALUES("586","841","177","120","0000-00-00","0000-00-00");
INSERT INTO t_historiques_achats VALUES("587","843","177","45","0000-00-00","0000-00-00");
INSERT INTO t_historiques_achats VALUES("588","499","178","30","0000-00-00","0000-00-00");
INSERT INTO t_historiques_achats VALUES("589","842","179","48","0000-00-00","0000-00-00");
INSERT INTO t_historiques_achats VALUES("590","845","179","72","0000-00-00","0000-00-00");
INSERT INTO t_historiques_achats VALUES("591","846","179","72","0000-00-00","0000-00-00");
INSERT INTO t_historiques_achats VALUES("592","265","179","48","0000-00-00","0000-00-00");
INSERT INTO t_historiques_achats VALUES("593","844","179","12","0000-00-00","0000-00-00");
INSERT INTO t_historiques_achats VALUES("594","841","179","120","0000-00-00","0000-00-00");
INSERT INTO t_historiques_achats VALUES("595","843","179","30","0000-00-00","0000-00-00");
INSERT INTO t_historiques_achats VALUES("596","830","180","48","0000-00-00","0000-00-00");
INSERT INTO t_historiques_achats VALUES("597","834","181","10","0000-00-00","0000-00-00");
INSERT INTO t_historiques_achats VALUES("598","861","182","20","0000-00-00","0000-00-00");
INSERT INTO t_historiques_achats VALUES("599","852","182","20","0000-00-00","0000-00-00");
INSERT INTO t_historiques_achats VALUES("600","828","182","10","0000-00-00","0000-00-00");
INSERT INTO t_historiques_achats VALUES("601","893","182","10","0000-00-00","0000-00-00");
INSERT INTO t_historiques_achats VALUES("602","878","183","1","0000-00-00","0000-00-00");
INSERT INTO t_historiques_achats VALUES("603","838","184","160","0000-00-00","0000-00-00");
INSERT INTO t_historiques_achats VALUES("604","835","185","400","0000-00-00","0000-00-00");
INSERT INTO t_historiques_achats VALUES("605","836","185","800","0000-00-00","0000-00-00");
INSERT INTO t_historiques_achats VALUES("606","873","185","15","0000-00-00","0000-00-00");
INSERT INTO t_historiques_achats VALUES("607","863","186","300","0000-00-00","0000-00-00");
INSERT INTO t_historiques_achats VALUES("608","879","187","1","0000-00-00","0000-00-00");
INSERT INTO t_historiques_achats VALUES("609","608","187","6","0000-00-00","0000-00-00");
INSERT INTO t_historiques_achats VALUES("610","867","188","30","0000-00-00","0000-00-00");
INSERT INTO t_historiques_achats VALUES("611","889","188","120","0000-00-00","0000-00-00");
INSERT INTO t_historiques_achats VALUES("612","887","188","96","0000-00-00","0000-00-00");
INSERT INTO t_historiques_achats VALUES("613","888","188","48","0000-00-00","0000-00-00");
INSERT INTO t_historiques_achats VALUES("614","837","188","24","0000-00-00","0000-00-00");
INSERT INTO t_historiques_achats VALUES("615","781","189","70","0000-00-00","0000-00-00");
INSERT INTO t_historiques_achats VALUES("616","885","190","180","0000-00-00","0000-00-00");
INSERT INTO t_historiques_achats VALUES("617","806","190","48","0000-00-00","0000-00-00");
INSERT INTO t_historiques_achats VALUES("618","868","190","120","0000-00-00","0000-00-00");
INSERT INTO t_historiques_achats VALUES("619","888","191","96","0000-00-00","0000-00-00");
INSERT INTO t_historiques_achats VALUES("620","866","191","96","0000-00-00","0000-00-00");
INSERT INTO t_historiques_achats VALUES("621","887","191","96","0000-00-00","0000-00-00");
INSERT INTO t_historiques_achats VALUES("622","837","191","36","0000-00-00","0000-00-00");
INSERT INTO t_historiques_achats VALUES("623","838","192","80","0000-00-00","0000-00-00");
INSERT INTO t_historiques_achats VALUES("624","844","193","12","0000-00-00","0000-00-00");
INSERT INTO t_historiques_achats VALUES("625","614","194","60","0000-00-00","0000-00-00");
INSERT INTO t_historiques_achats VALUES("626","544","195","56","0000-00-00","0000-00-00");
INSERT INTO t_historiques_achats VALUES("627","668","195","50","0000-00-00","0000-00-00");
INSERT INTO t_historiques_achats VALUES("628","849","195","15","0000-00-00","0000-00-00");
INSERT INTO t_historiques_achats VALUES("629","848","196","96","0000-00-00","0000-00-00");
INSERT INTO t_historiques_achats VALUES("630","686","196","12","0000-00-00","0000-00-00");
INSERT INTO t_historiques_achats VALUES("631","720","196","12","0000-00-00","0000-00-00");
INSERT INTO t_historiques_achats VALUES("632","698","196","12","0000-00-00","0000-00-00");
INSERT INTO t_historiques_achats VALUES("633","382","196","24","0000-00-00","0000-00-00");
INSERT INTO t_historiques_achats VALUES("634","747","197","240","0000-00-00","0000-00-00");
INSERT INTO t_historiques_achats VALUES("635","894","197","12","0000-00-00","0000-00-00");
INSERT INTO t_historiques_achats VALUES("636","434","198","48","0000-00-00","0000-00-00");
INSERT INTO t_historiques_achats VALUES("637","895","198","6","0000-00-00","0000-00-00");
INSERT INTO t_historiques_achats VALUES("638","702","198","12","0000-00-00","0000-00-00");
INSERT INTO t_historiques_achats VALUES("639","778","198","120","0000-00-00","0000-00-00");
INSERT INTO t_historiques_achats VALUES("640","896","198","120","0000-00-00","0000-00-00");
INSERT INTO t_historiques_achats VALUES("641","897","198","12","0000-00-00","0000-00-00");
INSERT INTO t_historiques_achats VALUES("642","888","199","132","0000-00-00","0000-00-00");
INSERT INTO t_historiques_achats VALUES("643","867","199","18","0000-00-00","0000-00-00");
INSERT INTO t_historiques_achats VALUES("644","887","199","120","0000-00-00","0000-00-00");
INSERT INTO t_historiques_achats VALUES("645","866","199","36","0000-00-00","0000-00-00");
INSERT INTO t_historiques_achats VALUES("646","837","199","48","0000-00-00","0000-00-00");
INSERT INTO t_historiques_achats VALUES("647","271","200","48","0000-00-00","0000-00-00");
INSERT INTO t_historiques_achats VALUES("648","838","201","80","0000-00-00","0000-00-00");
INSERT INTO t_historiques_achats VALUES("649","882","202","24","0000-00-00","0000-00-00");
INSERT INTO t_historiques_achats VALUES("650","866","202","144","0000-00-00","0000-00-00");
INSERT INTO t_historiques_achats VALUES("651","867","202","48","0000-00-00","0000-00-00");
INSERT INTO t_historiques_achats VALUES("652","888","202","24","0000-00-00","0000-00-00");
INSERT INTO t_historiques_achats VALUES("653","864","202","72","0000-00-00","0000-00-00");
INSERT INTO t_historiques_achats VALUES("654","838","203","160","0000-00-00","0000-00-00");
INSERT INTO t_historiques_achats VALUES("655","836","204","600","0000-00-00","0000-00-00");
INSERT INTO t_historiques_achats VALUES("656","835","204","200","0000-00-00","0000-00-00");
INSERT INTO t_historiques_achats VALUES("657","834","205","10","0000-00-00","0000-00-00");
INSERT INTO t_historiques_achats VALUES("658","886","206","90","0000-00-00","0000-00-00");
INSERT INTO t_historiques_achats VALUES("659","823","207","84","0000-00-00","0000-00-00");
INSERT INTO t_historiques_achats VALUES("660","819","207","60","0000-00-00","0000-00-00");
INSERT INTO t_historiques_achats VALUES("661","830","207","120","0000-00-00","0000-00-00");
INSERT INTO t_historiques_achats VALUES("662","822","207","96","0000-00-00","0000-00-00");
INSERT INTO t_historiques_achats VALUES("663","845","208","72","0000-00-00","0000-00-00");
INSERT INTO t_historiques_achats VALUES("664","265","208","24","0000-00-00","0000-00-00");
INSERT INTO t_historiques_achats VALUES("665","847","208","12","0000-00-00","0000-00-00");
INSERT INTO t_historiques_achats VALUES("666","426","209","3","0000-00-00","0000-00-00");
INSERT INTO t_historiques_achats VALUES("667","857","210","1","0000-00-00","0000-00-00");
INSERT INTO t_historiques_achats VALUES("668","863","210","300","0000-00-00","0000-00-00");
INSERT INTO t_historiques_achats VALUES("669","885","211","180","0000-00-00","0000-00-00");
INSERT INTO t_historiques_achats VALUES("670","648","211","10","0000-00-00","0000-00-00");
INSERT INTO t_historiques_achats VALUES("671","868","211","396","0000-00-00","0000-00-00");
INSERT INTO t_historiques_achats VALUES("672","533","211","24","0000-00-00","0000-00-00");
INSERT INTO t_historiques_achats VALUES("673","888","212","180","0000-00-00","0000-00-00");
INSERT INTO t_historiques_achats VALUES("674","867","212","24","0000-00-00","0000-00-00");
INSERT INTO t_historiques_achats VALUES("675","837","212","60","0000-00-00","0000-00-00");
INSERT INTO t_historiques_achats VALUES("676","886","212","180","0000-00-00","0000-00-00");
INSERT INTO t_historiques_achats VALUES("677","879","213","1","0000-00-00","0000-00-00");
INSERT INTO t_historiques_achats VALUES("678","835","213","200","0000-00-00","0000-00-00");
INSERT INTO t_historiques_achats VALUES("679","836","213","400","0000-00-00","0000-00-00");
INSERT INTO t_historiques_achats VALUES("680","873","214","15","0000-00-00","0000-00-00");
INSERT INTO t_historiques_achats VALUES("681","650","215","120","0000-00-00","0000-00-00");
INSERT INTO t_historiques_achats VALUES("682","868","215","96","0000-00-00","0000-00-00");
INSERT INTO t_historiques_achats VALUES("683","486","216","12","0000-00-00","0000-00-00");
INSERT INTO t_historiques_achats VALUES("684","481","216","12","0000-00-00","0000-00-00");
INSERT INTO t_historiques_achats VALUES("685","490","216","24","0000-00-00","0000-00-00");
INSERT INTO t_historiques_achats VALUES("686","862","216","12","0000-00-00","0000-00-00");
INSERT INTO t_historiques_achats VALUES("687","376","216","180","0000-00-00","0000-00-00");
INSERT INTO t_historiques_achats VALUES("688","414","216","6","0000-00-00","0000-00-00");
INSERT INTO t_historiques_achats VALUES("689","74","216","6","0000-00-00","0000-00-00");
INSERT INTO t_historiques_achats VALUES("690","877","216","36","0000-00-00","0000-00-00");
INSERT INTO t_historiques_achats VALUES("691","856","216","6","0000-00-00","0000-00-00");
INSERT INTO t_historiques_achats VALUES("692","377","216","180","0000-00-00","0000-00-00");
INSERT INTO t_historiques_achats VALUES("693","823","217","60","0000-00-00","0000-00-00");
INSERT INTO t_historiques_achats VALUES("694","819","217","60","0000-00-00","0000-00-00");
INSERT INTO t_historiques_achats VALUES("695","830","217","120","0000-00-00","0000-00-00");
INSERT INTO t_historiques_achats VALUES("696","860","217","36","0000-00-00","0000-00-00");
INSERT INTO t_historiques_achats VALUES("697","822","217","60","0000-00-00","0000-00-00");
INSERT INTO t_historiques_achats VALUES("698","850","217","36","0000-00-00","0000-00-00");
INSERT INTO t_historiques_achats VALUES("699","842","218","24","0000-00-00","0000-00-00");
INSERT INTO t_historiques_achats VALUES("700","841","218","72","0000-00-00","0000-00-00");
INSERT INTO t_historiques_achats VALUES("701","848","219","48","0000-00-00","0000-00-00");
INSERT INTO t_historiques_achats VALUES("702","435","220","10","0000-00-00","0000-00-00");
INSERT INTO t_historiques_achats VALUES("703","439","220","10","0000-00-00","0000-00-00");
INSERT INTO t_historiques_achats VALUES("704","436","220","10","0000-00-00","0000-00-00");
INSERT INTO t_historiques_achats VALUES("705","423","220","200","0000-00-00","0000-00-00");
INSERT INTO t_historiques_achats VALUES("706","429","220","120","0000-00-00","0000-00-00");
INSERT INTO t_historiques_achats VALUES("707","418","221","64","0000-00-00","0000-00-00");
INSERT INTO t_historiques_achats VALUES("708","62","221","240","0000-00-00","0000-00-00");
INSERT INTO t_historiques_achats VALUES("709","63","221","120","0000-00-00","0000-00-00");
INSERT INTO t_historiques_achats VALUES("710","37","221","20","0000-00-00","0000-00-00");
INSERT INTO t_historiques_achats VALUES("711","824","221","20","0000-00-00","0000-00-00");
INSERT INTO t_historiques_achats VALUES("712","833","221","24","0000-00-00","0000-00-00");
INSERT INTO t_historiques_achats VALUES("713","286","222","12","0000-00-00","0000-00-00");
INSERT INTO t_historiques_achats VALUES("714","287","222","12","0000-00-00","0000-00-00");
INSERT INTO t_historiques_achats VALUES("715","285","222","12","0000-00-00","0000-00-00");
INSERT INTO t_historiques_achats VALUES("716","292","222","6","0000-00-00","0000-00-00");
INSERT INTO t_historiques_achats VALUES("717","296","222","12","0000-00-00","0000-00-00");
INSERT INTO t_historiques_achats VALUES("718","298","222","12","0000-00-00","0000-00-00");
INSERT INTO t_historiques_achats VALUES("719","293","222","12","0000-00-00","0000-00-00");
INSERT INTO t_historiques_achats VALUES("720","299","222","12","0000-00-00","0000-00-00");
INSERT INTO t_historiques_achats VALUES("721","391","222","12","0000-00-00","0000-00-00");
INSERT INTO t_historiques_achats VALUES("722","33","222","3","0000-00-00","0000-00-00");
INSERT INTO t_historiques_achats VALUES("723","410","222","12","0000-00-00","0000-00-00");
INSERT INTO t_historiques_achats VALUES("724","103","222","50","0000-00-00","0000-00-00");
INSERT INTO t_historiques_achats VALUES("725","856","222","6","0000-00-00","0000-00-00");
INSERT INTO t_historiques_achats VALUES("726","277","222","48","0000-00-00","0000-00-00");
INSERT INTO t_historiques_achats VALUES("727","283","222","30","0000-00-00","0000-00-00");
INSERT INTO t_historiques_achats VALUES("728","849","222","15","0000-00-00","0000-00-00");
INSERT INTO t_historiques_achats VALUES("729","534","222","24","0000-00-00","0000-00-00");
INSERT INTO t_historiques_achats VALUES("730","869","223","12","0000-00-00","0000-00-00");
INSERT INTO t_historiques_achats VALUES("731","9","223","4","0000-00-00","0000-00-00");
INSERT INTO t_historiques_achats VALUES("732","529","223","60","0000-00-00","0000-00-00");
INSERT INTO t_historiques_achats VALUES("733","531","223","150","0000-00-00","0000-00-00");
INSERT INTO t_historiques_achats VALUES("734","582","223","156","0000-00-00","0000-00-00");
INSERT INTO t_historiques_achats VALUES("735","876","223","156","0000-00-00","0000-00-00");
INSERT INTO t_historiques_achats VALUES("736","374","223","156","0000-00-00","0000-00-00");
INSERT INTO t_historiques_achats VALUES("737","77","223","50","0000-00-00","0000-00-00");
INSERT INTO t_historiques_achats VALUES("738","8","223","40","0000-00-00","0000-00-00");
INSERT INTO t_historiques_achats VALUES("739","671","223","50","0000-00-00","0000-00-00");
INSERT INTO t_historiques_achats VALUES("740","189","223","12","0000-00-00","0000-00-00");
INSERT INTO t_historiques_achats VALUES("741","16","223","14","0000-00-00","0000-00-00");
INSERT INTO t_historiques_achats VALUES("742","17","223","12","0000-00-00","0000-00-00");
INSERT INTO t_historiques_achats VALUES("743","363","223","6","0000-00-00","0000-00-00");
INSERT INTO t_historiques_achats VALUES("744","566","223","60","0000-00-00","0000-00-00");
INSERT INTO t_historiques_achats VALUES("745","306","223","96","0000-00-00","0000-00-00");
INSERT INTO t_historiques_achats VALUES("746","302","223","24","0000-00-00","0000-00-00");
INSERT INTO t_historiques_achats VALUES("747","883","223","25","0000-00-00","0000-00-00");
INSERT INTO t_historiques_achats VALUES("748","383","223","60","0000-00-00","0000-00-00");
INSERT INTO t_historiques_achats VALUES("749","455","223","48","0000-00-00","0000-00-00");
INSERT INTO t_historiques_achats VALUES("750","451","223","50","0000-00-00","0000-00-00");
INSERT INTO t_historiques_achats VALUES("751","620","224","25","0000-00-00","0000-00-00");
INSERT INTO t_historiques_achats VALUES("752","881","224","12","0000-00-00","0000-00-00");
INSERT INTO t_historiques_achats VALUES("753","358","224","100","0000-00-00","0000-00-00");
INSERT INTO t_historiques_achats VALUES("754","855","224","1200","0000-00-00","0000-00-00");
INSERT INTO t_historiques_achats VALUES("755","359","224","12","0000-00-00","0000-00-00");
INSERT INTO t_historiques_achats VALUES("756","434","224","48","0000-00-00","0000-00-00");
INSERT INTO t_historiques_achats VALUES("757","875","224","60","0000-00-00","0000-00-00");
INSERT INTO t_historiques_achats VALUES("758","871","224","100","0000-00-00","0000-00-00");
INSERT INTO t_historiques_achats VALUES("759","406","224","30","0000-00-00","0000-00-00");
INSERT INTO t_historiques_achats VALUES("760","859","224","15","0000-00-00","0000-00-00");
INSERT INTO t_historiques_achats VALUES("761","853","225","96","0000-00-00","0000-00-00");
INSERT INTO t_historiques_achats VALUES("762","819","225","84","0000-00-00","0000-00-00");
INSERT INTO t_historiques_achats VALUES("763","830","225","120","0000-00-00","0000-00-00");
INSERT INTO t_historiques_achats VALUES("764","860","225","60","0000-00-00","0000-00-00");
INSERT INTO t_historiques_achats VALUES("765","850","225","60","0000-00-00","0000-00-00");
INSERT INTO t_historiques_achats VALUES("766","827","225","120","0000-00-00","0000-00-00");
INSERT INTO t_historiques_achats VALUES("767","412","226","30","0000-00-00","0000-00-00");
INSERT INTO t_historiques_achats VALUES("768","842","227","36","0000-00-00","0000-00-00");
INSERT INTO t_historiques_achats VALUES("769","845","227","48","0000-00-00","0000-00-00");
INSERT INTO t_historiques_achats VALUES("770","846","227","72","0000-00-00","0000-00-00");
INSERT INTO t_historiques_achats VALUES("771","265","227","24","0000-00-00","0000-00-00");
INSERT INTO t_historiques_achats VALUES("772","841","227","96","0000-00-00","0000-00-00");
INSERT INTO t_historiques_achats VALUES("773","844","227","12","0000-00-00","0000-00-00");
INSERT INTO t_historiques_achats VALUES("774","838","228","160","0000-00-00","0000-00-00");
INSERT INTO t_historiques_achats VALUES("775","880","229","12","0000-00-00","0000-00-00");
INSERT INTO t_historiques_achats VALUES("776","373","229","100","0000-00-00","0000-00-00");
INSERT INTO t_historiques_achats VALUES("777","114","230","12","0000-00-00","0000-00-00");
INSERT INTO t_historiques_achats VALUES("778","878","230","1","0000-00-00","0000-00-00");
INSERT INTO t_historiques_achats VALUES("779","836","231","400","0000-00-00","0000-00-00");
INSERT INTO t_historiques_achats VALUES("780","821","232","10","0000-00-00","0000-00-00");
INSERT INTO t_historiques_achats VALUES("781","199","232","2","0000-00-00","0000-00-00");
INSERT INTO t_historiques_achats VALUES("782","527","232","9","0000-00-00","0000-00-00");
INSERT INTO t_historiques_achats VALUES("783","59","233","48","0000-00-00","0000-00-00");
INSERT INTO t_historiques_achats VALUES("784","888","234","120","0000-00-00","0000-00-00");
INSERT INTO t_historiques_achats VALUES("785","867","234","18","0000-00-00","0000-00-00");
INSERT INTO t_historiques_achats VALUES("786","867","234","18","0000-00-00","0000-00-00");
INSERT INTO t_historiques_achats VALUES("787","1","235","48","0000-00-00","0000-00-00");
INSERT INTO t_historiques_achats VALUES("788","614","236","30","0000-00-00","0000-00-00");
INSERT INTO t_historiques_achats VALUES("789","834","237","20","0000-00-00","0000-00-00");
INSERT INTO t_historiques_achats VALUES("790","828","238","20","0000-00-00","0000-00-00");
INSERT INTO t_historiques_achats VALUES("791","852","238","20","0000-00-00","0000-00-00");
INSERT INTO t_historiques_achats VALUES("792","861","238","20","0000-00-00","0000-00-00");
INSERT INTO t_historiques_achats VALUES("793","482","239","12","0000-00-00","0000-00-00");
INSERT INTO t_historiques_achats VALUES("794","631","240","40","0000-00-00","0000-00-00");
INSERT INTO t_historiques_achats VALUES("795","61","240","120","0000-00-00","0000-00-00");
INSERT INTO t_historiques_achats VALUES("796","62","240","240","0000-00-00","0000-00-00");
INSERT INTO t_historiques_achats VALUES("797","898","240","6","0000-00-00","0000-00-00");
INSERT INTO t_historiques_achats VALUES("798","899","240","24","0000-00-00","0000-00-00");
INSERT INTO t_historiques_achats VALUES("799","844","241","36","0000-00-00","0000-00-00");
INSERT INTO t_historiques_achats VALUES("800","841","241","48","0000-00-00","0000-00-00");
INSERT INTO t_historiques_achats VALUES("801","836","242","400","0000-00-00","0000-00-00");
INSERT INTO t_historiques_achats VALUES("802","835","242","200","0000-00-00","0000-00-00");
INSERT INTO t_historiques_achats VALUES("803","842","243","60","0000-00-00","0000-00-00");
INSERT INTO t_historiques_achats VALUES("804","846","243","48","0000-00-00","0000-00-00");
INSERT INTO t_historiques_achats VALUES("805","265","243","24","0000-00-00","0000-00-00");
INSERT INTO t_historiques_achats VALUES("806","847","243","12","0000-00-00","0000-00-00");
INSERT INTO t_historiques_achats VALUES("807","890","243","12","0000-00-00","0000-00-00");
INSERT INTO t_historiques_achats VALUES("808","844","243","12","0000-00-00","0000-00-00");
INSERT INTO t_historiques_achats VALUES("809","841","243","24","0000-00-00","0000-00-00");
INSERT INTO t_historiques_achats VALUES("810","830","244","120","0000-00-00","0000-00-00");
INSERT INTO t_historiques_achats VALUES("811","886","244","30","0000-00-00","0000-00-00");
INSERT INTO t_historiques_achats VALUES("812","842","245","24","0000-00-00","0000-00-00");
INSERT INTO t_historiques_achats VALUES("813","846","245","48","0000-00-00","0000-00-00");
INSERT INTO t_historiques_achats VALUES("814","265","245","24","0000-00-00","0000-00-00");
INSERT INTO t_historiques_achats VALUES("815","890","245","12","0000-00-00","0000-00-00");
INSERT INTO t_historiques_achats VALUES("816","843","245","15","0000-00-00","0000-00-00");
INSERT INTO t_historiques_achats VALUES("817","841","245","24","0000-00-00","0000-00-00");
INSERT INTO t_historiques_achats VALUES("818","844","245","12","0000-00-00","0000-00-00");
INSERT INTO t_historiques_achats VALUES("819","863","246","300","0000-00-00","0000-00-00");
INSERT INTO t_historiques_achats VALUES("820","838","247","80","0000-00-00","0000-00-00");
INSERT INTO t_historiques_achats VALUES("821","838","248","160","0000-00-00","0000-00-00");
INSERT INTO t_historiques_achats VALUES("822","446","249","6","0000-00-00","0000-00-00");
INSERT INTO t_historiques_achats VALUES("823","425","249","6","0000-00-00","0000-00-00");
INSERT INTO t_historiques_achats VALUES("824","414","249","6","0000-00-00","0000-00-00");
INSERT INTO t_historiques_achats VALUES("825","660","249","6","0000-00-00","0000-00-00");
INSERT INTO t_historiques_achats VALUES("826","177","249","45","0000-00-00","0000-00-00");
INSERT INTO t_historiques_achats VALUES("827","590","249","6","0000-00-00","0000-00-00");
INSERT INTO t_historiques_achats VALUES("828","177","249","45","0000-00-00","0000-00-00");
INSERT INTO t_historiques_achats VALUES("829","28","249","100","0000-00-00","0000-00-00");
INSERT INTO t_historiques_achats VALUES("830","778","250","120","0000-00-00","0000-00-00");
INSERT INTO t_historiques_achats VALUES("831","807","250","240","0000-00-00","0000-00-00");
INSERT INTO t_historiques_achats VALUES("832","896","250","240","0000-00-00","0000-00-00");
INSERT INTO t_historiques_achats VALUES("833","699","250","12","0000-00-00","0000-00-00");
INSERT INTO t_historiques_achats VALUES("834","707","250","12","0000-00-00","0000-00-00");
INSERT INTO t_historiques_achats VALUES("835","698","250","12","0000-00-00","0000-00-00");
INSERT INTO t_historiques_achats VALUES("836","849","250","15","0000-00-00","0000-00-00");
INSERT INTO t_historiques_achats VALUES("837","717","251","12","0000-00-00","0000-00-00");
INSERT INTO t_historiques_achats VALUES("838","833","251","96","0000-00-00","0000-00-00");
INSERT INTO t_historiques_achats VALUES("839","70","251","12","0000-00-00","0000-00-00");
INSERT INTO t_historiques_achats VALUES("840","182","251","100","0000-00-00","0000-00-00");
INSERT INTO t_historiques_achats VALUES("841","171","251","60","0000-00-00","0000-00-00");
INSERT INTO t_historiques_achats VALUES("842","832","251","96","0000-00-00","0000-00-00");
INSERT INTO t_historiques_achats VALUES("843","900","251","24","0000-00-00","0000-00-00");
INSERT INTO t_historiques_achats VALUES("844","62","251","240","0000-00-00","0000-00-00");
INSERT INTO t_historiques_achats VALUES("845","177","251","25","0000-00-00","0000-00-00");
INSERT INTO t_historiques_achats VALUES("846","82","251","120","0000-00-00","0000-00-00");
INSERT INTO t_historiques_achats VALUES("847","97","251","200","0000-00-00","0000-00-00");
INSERT INTO t_historiques_achats VALUES("848","825","251","25","0000-00-00","0000-00-00");
INSERT INTO t_historiques_achats VALUES("849","36","251","96","0000-00-00","0000-00-00");
INSERT INTO t_historiques_achats VALUES("850","19","252","20","0000-00-00","0000-00-00");
INSERT INTO t_historiques_achats VALUES("851","18","252","36","0000-00-00","0000-00-00");
INSERT INTO t_historiques_achats VALUES("852","608","252","6","0000-00-00","0000-00-00");
INSERT INTO t_historiques_achats VALUES("853","645","252","36","0000-00-00","0000-00-00");
INSERT INTO t_historiques_achats VALUES("854","435","252","10","0000-00-00","0000-00-00");
INSERT INTO t_historiques_achats VALUES("855","440","252","100","0000-00-00","0000-00-00");
INSERT INTO t_historiques_achats VALUES("856","514","252","10","0000-00-00","0000-00-00");
INSERT INTO t_historiques_achats VALUES("857","546","252","12","0000-00-00","0000-00-00");
INSERT INTO t_historiques_achats VALUES("858","640","252","25","0000-00-00","0000-00-00");
INSERT INTO t_historiques_achats VALUES("859","23","252","24","0000-00-00","0000-00-00");
INSERT INTO t_historiques_achats VALUES("860","292","253","6","0000-00-00","0000-00-00");
INSERT INTO t_historiques_achats VALUES("861","295","253","12","0000-00-00","0000-00-00");
INSERT INTO t_historiques_achats VALUES("862","293","253","12","0000-00-00","0000-00-00");
INSERT INTO t_historiques_achats VALUES("863","903","253","8","0000-00-00","0000-00-00");
INSERT INTO t_historiques_achats VALUES("864","869","253","12","0000-00-00","0000-00-00");
INSERT INTO t_historiques_achats VALUES("865","75","253","8","0000-00-00","0000-00-00");
INSERT INTO t_historiques_achats VALUES("866","476","253","12","0000-00-00","0000-00-00");
INSERT INTO t_historiques_achats VALUES("867","849","253","15","0000-00-00","0000-00-00");
INSERT INTO t_historiques_achats VALUES("868","102","253","12","0000-00-00","0000-00-00");
INSERT INTO t_historiques_achats VALUES("869","402","253","450","0000-00-00","0000-00-00");
INSERT INTO t_historiques_achats VALUES("870","405","253","250","0000-00-00","0000-00-00");
INSERT INTO t_historiques_achats VALUES("871","156","253","12","0000-00-00","0000-00-00");
INSERT INTO t_historiques_achats VALUES("872","513","253","12","0000-00-00","0000-00-00");
INSERT INTO t_historiques_achats VALUES("873","35","253","100","0000-00-00","0000-00-00");
INSERT INTO t_historiques_achats VALUES("874","203","253","200","0000-00-00","0000-00-00");
INSERT INTO t_historiques_achats VALUES("875","557","253","80","0000-00-00","0000-00-00");
INSERT INTO t_historiques_achats VALUES("876","566","253","60","0000-00-00","0000-00-00");
INSERT INTO t_historiques_achats VALUES("877","589","253","12","0000-00-00","0000-00-00");
INSERT INTO t_historiques_achats VALUES("878","590","253","12","0000-00-00","0000-00-00");
INSERT INTO t_historiques_achats VALUES("879","578","254","12","0000-00-00","0000-00-00");
INSERT INTO t_historiques_achats VALUES("880","28","254","100","0000-00-00","0000-00-00");
INSERT INTO t_historiques_achats VALUES("881","575","254","150","0000-00-00","0000-00-00");
INSERT INTO t_historiques_achats VALUES("882","273","254","100","0000-00-00","0000-00-00");
INSERT INTO t_historiques_achats VALUES("883","904","254","30","0000-00-00","0000-00-00");
INSERT INTO t_historiques_achats VALUES("884","217","254","48","0000-00-00","0000-00-00");
INSERT INTO t_historiques_achats VALUES("885","189","254","12","0000-00-00","0000-00-00");
INSERT INTO t_historiques_achats VALUES("886","434","254","48","0000-00-00","0000-00-00");
INSERT INTO t_historiques_achats VALUES("887","382","254","24","0000-00-00","0000-00-00");
INSERT INTO t_historiques_achats VALUES("888","451","254","50","0000-00-00","0000-00-00");
INSERT INTO t_historiques_achats VALUES("889","658","254","18","0000-00-00","0000-00-00");
INSERT INTO t_historiques_achats VALUES("890","660","254","6","0000-00-00","0000-00-00");
INSERT INTO t_historiques_achats VALUES("891","659","254","12","0000-00-00","0000-00-00");
INSERT INTO t_historiques_achats VALUES("892","443","254","10","0000-00-00","0000-00-00");
INSERT INTO t_historiques_achats VALUES("893","326","254","24","0000-00-00","0000-00-00");
INSERT INTO t_historiques_achats VALUES("894","358","254","200","0000-00-00","0000-00-00");
INSERT INTO t_historiques_achats VALUES("895","12","254","50","0000-00-00","0000-00-00");
INSERT INTO t_historiques_achats VALUES("896","866","255","168","0000-00-00","0000-00-00");
INSERT INTO t_historiques_achats VALUES("897","1","255","24","0000-00-00","0000-00-00");
INSERT INTO t_historiques_achats VALUES("898","2","255","24","0000-00-00","0000-00-00");
INSERT INTO t_historiques_achats VALUES("899","835","255","200","0000-00-00","0000-00-00");
INSERT INTO t_historiques_achats VALUES("900","836","255","400","0000-00-00","0000-00-00");
INSERT INTO t_historiques_achats VALUES("901","884","256","35","0000-00-00","0000-00-00");
INSERT INTO t_historiques_achats VALUES("902","868","256","180","0000-00-00","0000-00-00");
INSERT INTO t_historiques_achats VALUES("903","806","256","12","0000-00-00","0000-00-00");
INSERT INTO t_historiques_achats VALUES("904","244","257","8","0000-00-00","0000-00-00");
INSERT INTO t_historiques_achats VALUES("905","245","257","7","0000-00-00","0000-00-00");
INSERT INTO t_historiques_achats VALUES("906","244","257","7","0000-00-00","0000-00-00");
INSERT INTO t_historiques_achats VALUES("907","617","257","16","0000-00-00","0000-00-00");
INSERT INTO t_historiques_achats VALUES("908","888","258","216","0000-00-00","0000-00-00");
INSERT INTO t_historiques_achats VALUES("909","905","258","60","0000-00-00","0000-00-00");
INSERT INTO t_historiques_achats VALUES("910","223","259","80","0000-00-00","0000-00-00");
INSERT INTO t_historiques_achats VALUES("911","456","259","50","0000-00-00","0000-00-00");
INSERT INTO t_historiques_achats VALUES("912","429","260","120","0000-00-00","0000-00-00");
INSERT INTO t_historiques_achats VALUES("913","830","261","48","0000-00-00","0000-00-00");
INSERT INTO t_historiques_achats VALUES("914","887","261","48","0000-00-00","0000-00-00");
INSERT INTO t_historiques_achats VALUES("915","842","261","24","0000-00-00","0000-00-00");
INSERT INTO t_historiques_achats VALUES("916","891","262","54","0000-00-00","0000-00-00");
INSERT INTO t_historiques_achats VALUES("917","781","263","80","0000-00-00","0000-00-00");
INSERT INTO t_historiques_achats VALUES("918","234","263","48","0000-00-00","0000-00-00");
INSERT INTO t_historiques_achats VALUES("919","852","264","20","0000-00-00","0000-00-00");
INSERT INTO t_historiques_achats VALUES("920","828","264","20","0000-00-00","0000-00-00");
INSERT INTO t_historiques_achats VALUES("921","861","264","20","0000-00-00","0000-00-00");
INSERT INTO t_historiques_achats VALUES("922","830","265","60","0000-00-00","0000-00-00");
INSERT INTO t_historiques_achats VALUES("923","886","266","180","0000-00-00","0000-00-00");
INSERT INTO t_historiques_achats VALUES("924","867","266","36","0000-00-00","0000-00-00");
INSERT INTO t_historiques_achats VALUES("925","889","266","96","0000-00-00","0000-00-00");
INSERT INTO t_historiques_achats VALUES("926","888","266","84","0000-00-00","0000-00-00");
INSERT INTO t_historiques_achats VALUES("927","837","266","36","0000-00-00","0000-00-00");
INSERT INTO t_historiques_achats VALUES("928","864","266","72","0000-00-00","0000-00-00");
INSERT INTO t_historiques_achats VALUES("929","878","267","1","0000-00-00","0000-00-00");
INSERT INTO t_historiques_achats VALUES("930","857","267","1","0000-00-00","0000-00-00");
INSERT INTO t_historiques_achats VALUES("931","838","268","120","0000-00-00","0000-00-00");
INSERT INTO t_historiques_achats VALUES("932","819","269","120","0000-00-00","0000-00-00");
INSERT INTO t_historiques_achats VALUES("933","830","269","24","0000-00-00","0000-00-00");
INSERT INTO t_historiques_achats VALUES("934","860","269","24","0000-00-00","0000-00-00");
INSERT INTO t_historiques_achats VALUES("935","159","269","12","0000-00-00","0000-00-00");
INSERT INTO t_historiques_achats VALUES("936","822","269","36","0000-00-00","0000-00-00");
INSERT INTO t_historiques_achats VALUES("937","850","269","36","0000-00-00","0000-00-00");
INSERT INTO t_historiques_achats VALUES("938","755","270","12","0000-00-00","0000-00-00");
INSERT INTO t_historiques_achats VALUES("939","907","271","250","0000-00-00","0000-00-00");
INSERT INTO t_historiques_achats VALUES("940","906","271","12","0000-00-00","0000-00-00");
INSERT INTO t_historiques_achats VALUES("941","841","272","120","0000-00-00","0000-00-00");
INSERT INTO t_historiques_achats VALUES("942","847","272","12","0000-00-00","0000-00-00");
INSERT INTO t_historiques_achats VALUES("943","843","272","45","0000-00-00","0000-00-00");
INSERT INTO t_historiques_achats VALUES("944","846","272","72","0000-00-00","0000-00-00");
INSERT INTO t_historiques_achats VALUES("945","265","272","48","0000-00-00","0000-00-00");
INSERT INTO t_historiques_achats VALUES("946","842","272","72","0000-00-00","0000-00-00");
INSERT INTO t_historiques_achats VALUES("947","845","272","72","0000-00-00","0000-00-00");



DROP TABLE IF EXISTS t_historiques_factures;

CREATE TABLE `t_historiques_factures` (
  `idt_historiques_factures` int(11) NOT NULL AUTO_INCREMENT,
  `numero_facture` int(11) NOT NULL,
  `id_fournisseur` int(11) NOT NULL,
  `date_facture` date NOT NULL,
  `date_insertion_facture` datetime NOT NULL,
  `filepath` varchar(255) NOT NULL,
  PRIMARY KEY (`idt_historiques_factures`)
) ENGINE=InnoDB AUTO_INCREMENT=273 DEFAULT CHARSET=latin1;

INSERT INTO t_historiques_factures VALUES("1","167196","4","2014-02-14","2014-02-14 08:43:04","");
INSERT INTO t_historiques_factures VALUES("2","30738","3","2014-02-14","2014-02-14 08:46:13","");
INSERT INTO t_historiques_factures VALUES("3","590054","5","2014-02-14","2014-02-25 17:01:53","");
INSERT INTO t_historiques_factures VALUES("4","42369","6","2014-02-14","2014-02-14 08:56:05","");
INSERT INTO t_historiques_factures VALUES("5","42367","7","2014-02-14","2014-02-14 08:57:27","");
INSERT INTO t_historiques_factures VALUES("6","3578","8","2014-02-14","2014-02-14 08:59:27","");
INSERT INTO t_historiques_factures VALUES("7","4448","9","2014-02-14","2014-02-14 09:16:02","");
INSERT INTO t_historiques_factures VALUES("8","2134","10","2014-02-14","2014-02-14 09:19:34","");
INSERT INTO t_historiques_factures VALUES("9","3685","11","2014-02-14","2014-02-14 09:24:21","");
INSERT INTO t_historiques_factures VALUES("10","4421","6","2014-02-14","2014-02-14 09:25:38","");
INSERT INTO t_historiques_factures VALUES("11","42362","7","2014-02-14","2014-02-14 09:27:16","");
INSERT INTO t_historiques_factures VALUES("12","4082","11","2014-02-14","2014-02-14 09:30:12","");
INSERT INTO t_historiques_factures VALUES("13","4108","11","2014-02-14","2014-02-14 09:37:22","");
INSERT INTO t_historiques_factures VALUES("14","590027","5","2014-02-14","2014-02-14 09:38:05","");
INSERT INTO t_historiques_factures VALUES("15","2238","12","2014-02-11","2014-02-14 09:46:25","");
INSERT INTO t_historiques_factures VALUES("16","1813","11","2014-02-11","2014-02-14 09:51:03","");
INSERT INTO t_historiques_factures VALUES("17","5152","13","2014-02-09","2014-02-14 09:55:35","");
INSERT INTO t_historiques_factures VALUES("18","3671","12","2014-02-08","2014-02-14 11:19:24","");
INSERT INTO t_historiques_factures VALUES("19","3668","11","2014-02-08","2014-02-14 11:21:42","");
INSERT INTO t_historiques_factures VALUES("20","3576","9","2014-02-08","2014-02-14 11:22:46","");
INSERT INTO t_historiques_factures VALUES("21","1663","9","2014-02-08","2014-02-14 11:25:54","");
INSERT INTO t_historiques_factures VALUES("22","30174","3","2014-02-07","2014-02-14 11:26:51","");
INSERT INTO t_historiques_factures VALUES("23","3681","14","2014-02-07","2014-02-14 11:28:45","");
INSERT INTO t_historiques_factures VALUES("24","3574","6","2014-02-07","2014-02-14 11:30:01","");
INSERT INTO t_historiques_factures VALUES("25","2122","12","2014-02-07","2014-02-14 11:32:27","");
INSERT INTO t_historiques_factures VALUES("26","1741","11","2014-02-07","2014-02-14 11:35:34","");
INSERT INTO t_historiques_factures VALUES("27","40755","9","2014-02-06","2014-02-14 11:37:06","");
INSERT INTO t_historiques_factures VALUES("28","95642","15","2014-02-06","2014-02-14 11:44:47","");
INSERT INTO t_historiques_factures VALUES("29","42351","7","2014-02-06","2014-02-14 11:46:03","");
INSERT INTO t_historiques_factures VALUES("30","140329","16","2014-02-05","2014-02-14 11:53:36","");
INSERT INTO t_historiques_factures VALUES("31","12895","9","2014-02-05","2014-02-14 15:00:44","");
INSERT INTO t_historiques_factures VALUES("32","3573","7","2014-02-05","2014-02-14 15:02:16","");
INSERT INTO t_historiques_factures VALUES("33","3574","6","2014-02-05","2014-02-14 15:03:40","");
INSERT INTO t_historiques_factures VALUES("34","31403","3","2014-02-04","2014-02-14 15:05:09","");
INSERT INTO t_historiques_factures VALUES("35","2036","12","2014-02-04","2014-02-14 15:08:58","");
INSERT INTO t_historiques_factures VALUES("36","3015","3","2014-02-03","2014-02-14 15:10:36","");
INSERT INTO t_historiques_factures VALUES("37","12306","7","2014-02-03","2014-02-14 15:11:27","");
INSERT INTO t_historiques_factures VALUES("38","1670","6","2014-02-03","2014-02-14 15:12:56","");
INSERT INTO t_historiques_factures VALUES("39","4011","11","2014-02-03","2014-02-14 15:15:24","");
INSERT INTO t_historiques_factures VALUES("40","98836","9","2014-02-03","2014-02-14 15:21:32","");
INSERT INTO t_historiques_factures VALUES("41","47","9","2014-02-03","2014-02-14 15:47:28","");
INSERT INTO t_historiques_factures VALUES("42","3681","14","2014-02-03","2014-02-14 15:48:41","");
INSERT INTO t_historiques_factures VALUES("43","167181","4","2014-02-05","2014-02-14 15:50:00","");
INSERT INTO t_historiques_factures VALUES("44","5091","13","2014-02-05","2014-02-14 15:53:35","");
INSERT INTO t_historiques_factures VALUES("45","1955","9","2014-02-03","2014-02-14 16:09:50","");
INSERT INTO t_historiques_factures VALUES("46","1956","9","2014-02-03","2014-02-14 16:17:45","");
INSERT INTO t_historiques_factures VALUES("47","123","9","2014-02-03","2014-02-14 16:39:59","");
INSERT INTO t_historiques_factures VALUES("48","4186","11","2014-02-13","2014-02-25 17:22:47","");
INSERT INTO t_historiques_factures VALUES("49","4185","11","2014-02-13","2014-02-25 17:26:01","");
INSERT INTO t_historiques_factures VALUES("50","1665","9","2014-02-13","2014-02-25 17:27:15","");
INSERT INTO t_historiques_factures VALUES("51","41371","3","2014-02-13","2014-02-25 17:29:15","");
INSERT INTO t_historiques_factures VALUES("52","1867","11","2014-02-14","2014-02-25 17:33:06","");
INSERT INTO t_historiques_factures VALUES("53","2312","12","2014-02-14","2014-02-25 17:35:50","");
INSERT INTO t_historiques_factures VALUES("54","146274","17","2014-02-14","2014-02-25 17:41:43","");
INSERT INTO t_historiques_factures VALUES("55","4236","7","2014-02-15","2014-02-25 17:42:38","");
INSERT INTO t_historiques_factures VALUES("56","41698","3","2014-02-15","2014-02-25 17:43:37","");
INSERT INTO t_historiques_factures VALUES("57","1967","18","2014-02-15","2014-02-25 17:47:23","");
INSERT INTO t_historiques_factures VALUES("58","5494","13","2014-02-15","2014-02-25 17:51:36","");
INSERT INTO t_historiques_factures VALUES("59","48525","19","2014-02-13","2014-02-25 18:10:30","");
INSERT INTO t_historiques_factures VALUES("60","3681","14","2014-02-16","2014-02-25 18:11:52","");
INSERT INTO t_historiques_factures VALUES("61","1808","18","2014-02-17","2014-02-25 18:13:03","");
INSERT INTO t_historiques_factures VALUES("62","4238","11","2014-02-17","2014-02-25 18:15:23","");
INSERT INTO t_historiques_factures VALUES("63","1669","9","2014-02-17","2014-02-25 18:24:41","");
INSERT INTO t_historiques_factures VALUES("64","20125","9","2014-02-16","2014-02-25 18:28:24","");
INSERT INTO t_historiques_factures VALUES("65","20736","9","2014-02-17","2014-02-25 18:32:25","");
INSERT INTO t_historiques_factures VALUES("66","29899","9","2014-02-17","2014-02-25 18:43:03","");
INSERT INTO t_historiques_factures VALUES("67","5542","9","2014-02-17","2014-02-25 18:52:27","");
INSERT INTO t_historiques_factures VALUES("68","781","9","2014-02-17","2014-02-25 19:15:29","");
INSERT INTO t_historiques_factures VALUES("69","61100","3","2014-02-17","2014-02-25 19:17:13","");
INSERT INTO t_historiques_factures VALUES("70","4236","7","2014-02-18","2014-02-26 15:08:16","");
INSERT INTO t_historiques_factures VALUES("71","2408","12","2014-02-18","2014-02-26 15:12:45","");
INSERT INTO t_historiques_factures VALUES("72","40755","20","2014-02-18","2014-02-26 15:15:17","");
INSERT INTO t_historiques_factures VALUES("73","5535","13","2014-02-18","2014-02-26 15:16:37","");
INSERT INTO t_historiques_factures VALUES("74","2134","10","2014-02-19","2014-02-26 15:21:43","");
INSERT INTO t_historiques_factures VALUES("75","5557","13","2014-02-19","2014-02-26 15:23:02","");
INSERT INTO t_historiques_factures VALUES("76","177591","4","2014-02-19","2014-02-26 15:27:51","");
INSERT INTO t_historiques_factures VALUES("77","2005","11","2014-02-21","2014-02-26 15:30:30","");
INSERT INTO t_historiques_factures VALUES("78","1671","6","2014-02-21","2014-02-26 15:31:33","");
INSERT INTO t_historiques_factures VALUES("79","4236","7","2014-02-21","2014-02-26 15:32:21","");
INSERT INTO t_historiques_factures VALUES("80","2488","12","2014-02-21","2014-02-26 15:34:35","");
INSERT INTO t_historiques_factures VALUES("81","3189","22","2014-02-21","2014-02-26 15:41:14","");
INSERT INTO t_historiques_factures VALUES("82","1670","6","2014-02-21","2014-02-26 15:42:42","");
INSERT INTO t_historiques_factures VALUES("83","4302","11","2014-02-20","2014-02-26 15:46:22","");
INSERT INTO t_historiques_factures VALUES("84","807","18","2014-02-20","2014-02-26 15:48:57","");
INSERT INTO t_historiques_factures VALUES("85","806","18","2014-02-20","2014-02-26 15:49:56","");
INSERT INTO t_historiques_factures VALUES("86","36361","9","2014-02-22","2014-02-26 15:51:10","");
INSERT INTO t_historiques_factures VALUES("87","824","18","2014-02-22","2014-02-26 15:52:30","");
INSERT INTO t_historiques_factures VALUES("88","30169","23","2014-02-19","2014-02-26 15:58:51","");
INSERT INTO t_historiques_factures VALUES("89","5599","13","2014-02-22","2014-02-26 16:00:39","");
INSERT INTO t_historiques_factures VALUES("90","4376","11","2014-02-24","2014-02-26 16:01:48","");
INSERT INTO t_historiques_factures VALUES("91","4375","11","2014-02-24","2014-02-26 16:06:44","");
INSERT INTO t_historiques_factures VALUES("92","1318661","9","2014-02-24","2014-02-26 16:09:20","");
INSERT INTO t_historiques_factures VALUES("93","4236","7","2014-02-24","2014-02-26 16:16:43","");
INSERT INTO t_historiques_factures VALUES("94","1672","6","2014-02-24","2014-02-26 16:23:06","");
INSERT INTO t_historiques_factures VALUES("95","2566","12","2014-02-24","2014-02-26 16:28:42","");
INSERT INTO t_historiques_factures VALUES("96","5606","13","2014-02-24","2014-02-26 16:31:47","");
INSERT INTO t_historiques_factures VALUES("97","20125","9","2014-02-16","2014-02-26 16:53:35","");
INSERT INTO t_historiques_factures VALUES("98","42368","7","2014-03-26","2014-03-01 10:43:49","");
INSERT INTO t_historiques_factures VALUES("99","4432","9","2014-03-26","2014-03-01 10:44:41","");
INSERT INTO t_historiques_factures VALUES("100","12348","9","2014-03-26","2014-03-01 10:45:59","");
INSERT INTO t_historiques_factures VALUES("101","10017","9","2014-03-26","2014-03-01 10:50:05","");
INSERT INTO t_historiques_factures VALUES("102","4436","9","2014-03-25","2014-03-01 11:05:42","");
INSERT INTO t_historiques_factures VALUES("103","42368","7","2014-03-25","2014-03-01 11:06:47","");
INSERT INTO t_historiques_factures VALUES("104","29900","24","2014-03-25","2014-03-01 11:10:33","");
INSERT INTO t_historiques_factures VALUES("105","1674","6","2014-03-25","2014-03-01 11:13:47","");
INSERT INTO t_historiques_factures VALUES("106","1675","6","2014-03-25","2014-03-01 11:15:02","");
INSERT INTO t_historiques_factures VALUES("107","2075","11","2014-03-25","2014-03-01 11:18:54","");
INSERT INTO t_historiques_factures VALUES("108","4235","3","2014-03-25","2014-03-01 11:19:54","");
INSERT INTO t_historiques_factures VALUES("109","61065","3","2014-03-25","2014-03-01 11:20:59","");
INSERT INTO t_historiques_factures VALUES("110","4434","11","2014-03-27","2014-03-01 11:24:05","");
INSERT INTO t_historiques_factures VALUES("111","47","25","2014-03-27","2014-03-01 11:36:56","");
INSERT INTO t_historiques_factures VALUES("112","2141","11","2014-03-28","2014-03-02 07:28:28","");
INSERT INTO t_historiques_factures VALUES("113","4434","6","2014-03-28","2014-03-02 07:29:37","");
INSERT INTO t_historiques_factures VALUES("114","601065","5","2014-03-28","2014-03-02 07:30:53","");
INSERT INTO t_historiques_factures VALUES("115","50","9","2014-03-01","2014-03-02 07:47:27","");
INSERT INTO t_historiques_factures VALUES("116","4","3","2014-03-02","2014-03-02 09:01:20","");
INSERT INTO t_historiques_factures VALUES("117","345","9","2014-03-02","2014-03-02 09:17:18","");
INSERT INTO t_historiques_factures VALUES("118","3456","9","2014-03-02","2014-03-02 10:29:59","");
INSERT INTO t_historiques_factures VALUES("119","65543","9","2014-03-02","2014-03-02 10:36:39","");
INSERT INTO t_historiques_factures VALUES("120","354","9","2014-03-02","2014-03-02 10:56:57","");
INSERT INTO t_historiques_factures VALUES("121","45","9","2014-03-02","2014-03-02 11:00:56","");
INSERT INTO t_historiques_factures VALUES("122","0","9","2014-03-02","2014-03-02 11:06:29","");
INSERT INTO t_historiques_factures VALUES("123","0","9","2014-03-02","2014-03-02 11:23:37","");
INSERT INTO t_historiques_factures VALUES("124","0","9","2014-03-02","2014-03-02 11:32:09","");
INSERT INTO t_historiques_factures VALUES("125","0","9","2014-03-02","2014-03-02 11:45:19","");
INSERT INTO t_historiques_factures VALUES("126","4532","9","2014-03-02","2014-03-02 12:37:51","");
INSERT INTO t_historiques_factures VALUES("127","0","9","2014-03-02","2014-03-02 13:35:11","");
INSERT INTO t_historiques_factures VALUES("128","3456","9","2014-03-02","2014-03-02 13:50:15","");
INSERT INTO t_historiques_factures VALUES("129","345","9","2014-03-02","2014-03-02 13:55:10","");
INSERT INTO t_historiques_factures VALUES("130","345","9","2014-03-02","2014-03-02 14:13:30","");
INSERT INTO t_historiques_factures VALUES("131","56","9","2014-03-02","2014-03-02 14:22:48","");
INSERT INTO t_historiques_factures VALUES("132","45","9","2014-03-02","2014-03-02 14:41:33","");
INSERT INTO t_historiques_factures VALUES("133","987","9","2014-03-02","2014-03-02 15:01:18","");
INSERT INTO t_historiques_factures VALUES("134","0","9","2014-03-02","2014-03-02 15:15:02","");
INSERT INTO t_historiques_factures VALUES("135","0","9","2014-03-02","2014-03-02 15:25:02","");
INSERT INTO t_historiques_factures VALUES("136","5","11","2014-03-05","2014-03-07 00:28:30","");
INSERT INTO t_historiques_factures VALUES("137","5","12","2014-03-05","2014-03-07 00:34:52","");
INSERT INTO t_historiques_factures VALUES("138","5","10","2014-03-05","2014-03-07 00:36:22","");
INSERT INTO t_historiques_factures VALUES("139","5","13","2014-03-05","2014-03-07 00:39:07","");
INSERT INTO t_historiques_factures VALUES("140","5","9","2014-03-05","2014-03-07 08:52:08","");
INSERT INTO t_historiques_factures VALUES("141","5","3","2014-03-05","2014-03-07 08:56:08","");
INSERT INTO t_historiques_factures VALUES("142","5","9","2014-03-05","2014-03-07 09:11:15","");
INSERT INTO t_historiques_factures VALUES("143","5","12","2014-03-05","2014-03-07 09:32:04","");
INSERT INTO t_historiques_factures VALUES("144","5","3","2014-03-05","2014-03-07 09:51:47","");
INSERT INTO t_historiques_factures VALUES("145","5","7","2014-03-05","2014-03-07 10:03:37","");
INSERT INTO t_historiques_factures VALUES("146","190537","4","2014-03-15","2014-03-19 18:43:12","");
INSERT INTO t_historiques_factures VALUES("147","4739","11","2014-03-13","2014-03-19 18:45:59","");
INSERT INTO t_historiques_factures VALUES("148","51320","3","2014-03-13","2014-03-19 18:47:17","");
INSERT INTO t_historiques_factures VALUES("149","149635","17","2014-03-12","2014-03-19 18:52:05","");
INSERT INTO t_historiques_factures VALUES("150","38619","9","2014-03-13","2014-03-19 18:53:58","");
INSERT INTO t_historiques_factures VALUES("151","3515","26","2014-03-12","2014-03-19 18:57:33","");
INSERT INTO t_historiques_factures VALUES("152","3586","6","2014-03-12","2014-03-19 18:59:19","");
INSERT INTO t_historiques_factures VALUES("153","3682","14","2014-03-12","2014-03-19 19:00:46","");
INSERT INTO t_historiques_factures VALUES("154","3682","9","2014-03-12","2014-03-19 19:02:06","");
INSERT INTO t_historiques_factures VALUES("155","22296","9","2014-03-15","2014-03-19 19:04:26","");
INSERT INTO t_historiques_factures VALUES("156","42374","7","2014-03-14","2014-03-19 19:05:38","");
INSERT INTO t_historiques_factures VALUES("157","3008","12","2014-03-14","2014-03-19 19:09:33","");
INSERT INTO t_historiques_factures VALUES("158","3589","6","2014-03-14","2014-03-19 19:10:43","");
INSERT INTO t_historiques_factures VALUES("159","2442","11","2014-03-14","2014-03-19 19:15:09","");
INSERT INTO t_historiques_factures VALUES("160","48556","3","2014-03-14","2014-03-19 19:16:58","");
INSERT INTO t_historiques_factures VALUES("161","3681","14","2014-03-14","2014-03-19 19:17:42","");
INSERT INTO t_historiques_factures VALUES("162","3581","6","2014-03-11","2014-03-19 19:18:51","");
INSERT INTO t_historiques_factures VALUES("163","2934","12","2014-03-11","2014-03-19 19:23:22","");
INSERT INTO t_historiques_factures VALUES("164","2362","11","2014-03-11","2014-03-19 19:26:59","");
INSERT INTO t_historiques_factures VALUES("165","5233","13","2014-03-11","2014-03-19 19:38:16","");
INSERT INTO t_historiques_factures VALUES("166","4663","11","2014-03-10","2014-03-19 19:40:55","");
INSERT INTO t_historiques_factures VALUES("167","42372","7","2014-03-10","2014-03-19 19:42:01","");
INSERT INTO t_historiques_factures VALUES("168","3510","26","2014-03-10","2014-03-19 19:43:13","");
INSERT INTO t_historiques_factures VALUES("169","3580","6","2014-03-10","2014-03-19 19:44:35","");
INSERT INTO t_historiques_factures VALUES("170","22336","9","2014-03-10","2014-03-19 19:45:25","");
INSERT INTO t_historiques_factures VALUES("171","51309","3","2014-03-10","2014-03-19 19:46:19","");
INSERT INTO t_historiques_factures VALUES("172","3683","14","2014-03-10","2014-03-19 19:48:44","");
INSERT INTO t_historiques_factures VALUES("173","42371","7","2014-03-07","2014-03-19 19:52:00","");
INSERT INTO t_historiques_factures VALUES("174","2289","11","2014-03-07","2014-03-19 19:57:27","");
INSERT INTO t_historiques_factures VALUES("175","2090","18","2014-03-07","2014-03-19 19:58:39","");
INSERT INTO t_historiques_factures VALUES("176","3684","14","2014-03-07","2014-03-19 19:59:46","");
INSERT INTO t_historiques_factures VALUES("177","2881","12","2014-03-08","2014-03-19 20:02:17","");
INSERT INTO t_historiques_factures VALUES("178","582942","5","2014-03-08","2014-03-19 20:03:17","");
INSERT INTO t_historiques_factures VALUES("179","2749","12","2014-03-04","2014-03-19 20:06:48","");
INSERT INTO t_historiques_factures VALUES("180","2214","11","2014-03-04","2014-03-19 20:07:49","");
INSERT INTO t_historiques_factures VALUES("181","3578","6","2014-03-04","2014-03-19 20:08:34","");
INSERT INTO t_historiques_factures VALUES("182","41669","3","2014-03-04","2014-03-19 20:11:47","");
INSERT INTO t_historiques_factures VALUES("183","3582","9","2014-03-05","2014-03-19 20:13:00","");
INSERT INTO t_historiques_factures VALUES("184","42378","7","2014-03-05","2014-03-19 20:13:56","");
INSERT INTO t_historiques_factures VALUES("185","8786","20","2014-03-05","2014-03-19 20:16:12","");
INSERT INTO t_historiques_factures VALUES("186","3587","9","2014-03-06","2014-03-19 20:17:34","");
INSERT INTO t_historiques_factures VALUES("187","450","9","2014-03-06","2014-03-19 20:19:05","");
INSERT INTO t_historiques_factures VALUES("188","4582","11","2014-03-06","2014-03-19 20:23:28","");
INSERT INTO t_historiques_factures VALUES("189","5217","22","2014-03-06","2014-03-19 20:24:45","");
INSERT INTO t_historiques_factures VALUES("190","5741","13","2014-03-06","2014-03-19 20:27:54","");
INSERT INTO t_historiques_factures VALUES("191","4505","11","2014-03-03","2014-03-20 13:38:57","");
INSERT INTO t_historiques_factures VALUES("192","42369","7","2014-03-03","2014-03-20 13:40:38","");
INSERT INTO t_historiques_factures VALUES("193","1981","18","2014-03-03","2014-03-20 13:41:33","");
INSERT INTO t_historiques_factures VALUES("194","22591","23","2014-03-03","2014-03-20 13:42:26","");
INSERT INTO t_historiques_factures VALUES("195","1361","9","2014-03-03","2014-03-20 17:33:10","");
INSERT INTO t_historiques_factures VALUES("196","1","9","2014-03-03","2014-03-20 17:37:12","");
INSERT INTO t_historiques_factures VALUES("197","20463","9","2014-03-03","2014-03-20 17:40:47","");
INSERT INTO t_historiques_factures VALUES("198","20462","9","2014-03-03","2014-03-20 17:58:02","");
INSERT INTO t_historiques_factures VALUES("199","4924","11","2014-03-17","2014-03-27 20:35:40","");
INSERT INTO t_historiques_factures VALUES("200","141012","16","2014-03-17","2014-03-27 20:37:04","");
INSERT INTO t_historiques_factures VALUES("201","3685","14","2014-03-19","2014-03-27 20:39:00","");
INSERT INTO t_historiques_factures VALUES("202","4845","11","2014-03-20","2014-03-27 20:42:46","");
INSERT INTO t_historiques_factures VALUES("203","42373","7","2014-03-20","2014-03-27 20:43:52","");
INSERT INTO t_historiques_factures VALUES("204","1681","6","2014-03-20","2014-03-27 20:44:54","");
INSERT INTO t_historiques_factures VALUES("205","94960","6","2014-03-20","2014-03-27 20:45:44","");
INSERT INTO t_historiques_factures VALUES("206","4846","11","2014-03-20","2014-03-27 20:47:03","");
INSERT INTO t_historiques_factures VALUES("207","2575","11","2014-03-21","2014-03-27 20:48:50","");
INSERT INTO t_historiques_factures VALUES("208","3172","12","2014-03-21","2014-03-27 20:50:52","");
INSERT INTO t_historiques_factures VALUES("209","8016","27","2014-03-21","2014-03-27 20:54:36","");
INSERT INTO t_historiques_factures VALUES("210","1933","9","2014-03-22","2014-03-27 20:56:04","");
INSERT INTO t_historiques_factures VALUES("211","5404","13","2014-03-22","2014-03-27 20:59:12","");
INSERT INTO t_historiques_factures VALUES("212","4922","11","2014-03-24","2014-03-27 21:02:18","");
INSERT INTO t_historiques_factures VALUES("213","1684","6","2014-03-24","2014-03-27 21:03:39","");
INSERT INTO t_historiques_factures VALUES("214","8714","20","2014-03-24","2014-03-27 21:04:39","");
INSERT INTO t_historiques_factures VALUES("215","5429","13","2014-03-24","2014-03-27 21:09:26","");
INSERT INTO t_historiques_factures VALUES("216","4","9","2014-03-17","2014-03-27 21:32:06","");
INSERT INTO t_historiques_factures VALUES("217","2508","11","2014-03-18","2014-03-27 21:35:53","");
INSERT INTO t_historiques_factures VALUES("218","3097","12","2014-03-18","2014-03-27 21:37:51","");
INSERT INTO t_historiques_factures VALUES("219","1021","16","2014-03-18","2014-03-27 21:39:02","");
INSERT INTO t_historiques_factures VALUES("220","22313","9","2014-03-17","2014-03-27 21:44:58","");
INSERT INTO t_historiques_factures VALUES("221","7788","9","2014-03-17","2014-03-27 21:48:25","");
INSERT INTO t_historiques_factures VALUES("222","4285","9","2014-03-17","2014-03-27 22:00:55","");
INSERT INTO t_historiques_factures VALUES("223","4286","9","2014-03-17","2014-03-27 22:18:48","");
INSERT INTO t_historiques_factures VALUES("224","4287","9","2014-03-17","2014-03-27 22:23:52","");
INSERT INTO t_historiques_factures VALUES("225","2657","11","2014-03-25","2014-03-31 21:43:49","");
INSERT INTO t_historiques_factures VALUES("226","1685","15","2014-03-25","2014-03-31 21:44:44","");
INSERT INTO t_historiques_factures VALUES("227","3265","12","2014-03-25","2014-03-31 21:48:38","");
INSERT INTO t_historiques_factures VALUES("228","42377","7","2014-03-25","2014-03-31 21:49:29","");
INSERT INTO t_historiques_factures VALUES("229","21392","24","2014-03-26","2014-03-31 21:51:48","");
INSERT INTO t_historiques_factures VALUES("230","24865","9","2014-03-26","2014-03-31 21:53:30","");
INSERT INTO t_historiques_factures VALUES("231","94950","6","2014-03-26","2014-03-31 21:54:23","");
INSERT INTO t_historiques_factures VALUES("232","193666","4","2014-03-26","2014-03-31 21:56:55","");
INSERT INTO t_historiques_factures VALUES("233","18204","9","2014-03-27","2014-03-31 21:58:13","");
INSERT INTO t_historiques_factures VALUES("234","4982","11","2014-03-27","2014-03-31 22:00:28","");
INSERT INTO t_historiques_factures VALUES("235","141352","16","2014-03-27","2014-03-31 22:01:27","");
INSERT INTO t_historiques_factures VALUES("236","6993","23","2014-03-27","2014-03-31 22:02:27","");
INSERT INTO t_historiques_factures VALUES("237","49942","6","2014-03-27","2014-03-31 22:03:28","");
INSERT INTO t_historiques_factures VALUES("238","43094","3","2014-03-27","2014-03-31 22:05:32","");
INSERT INTO t_historiques_factures VALUES("239","6723","8","2014-03-27","2014-03-31 22:07:31","");
INSERT INTO t_historiques_factures VALUES("240","15266","28","2014-03-27","2014-03-31 22:19:57","");
INSERT INTO t_historiques_factures VALUES("241","3337","12","2014-03-28","2014-03-31 22:21:26","");
INSERT INTO t_historiques_factures VALUES("242","94939","6","2014-03-28","2014-03-31 22:22:25","");
INSERT INTO t_historiques_factures VALUES("243","3487","12","2014-04-04","2014-04-05 11:49:31","");
INSERT INTO t_historiques_factures VALUES("244","2607","11","2014-03-29","2014-04-05 11:53:05","");
INSERT INTO t_historiques_factures VALUES("245","3409","12","2014-04-01","2014-04-05 11:58:22","");
INSERT INTO t_historiques_factures VALUES("246","7","9","2014-04-01","2014-04-05 11:59:40","");
INSERT INTO t_historiques_factures VALUES("247","3687","14","2014-03-31","2014-04-05 12:01:07","");
INSERT INTO t_historiques_factures VALUES("248","42379","7","2014-03-31","2014-04-05 12:02:20","");
INSERT INTO t_historiques_factures VALUES("249","8","9","2014-03-31","2014-04-05 13:31:33","");
INSERT INTO t_historiques_factures VALUES("250","20628","9","2014-03-31","2014-04-05 14:57:54","");
INSERT INTO t_historiques_factures VALUES("251","76","9","2014-03-31","2014-04-05 13:59:38","");
INSERT INTO t_historiques_factures VALUES("252","25614","9","2014-03-31","2014-04-05 14:24:02","");
INSERT INTO t_historiques_factures VALUES("253","5224","9","2014-03-31","2014-04-05 14:40:28","");
INSERT INTO t_historiques_factures VALUES("254","5225","9","2014-03-31","2014-04-05 14:52:27","");
INSERT INTO t_historiques_factures VALUES("255","94932","6","2014-04-02","2014-04-05 15:02:17","");
INSERT INTO t_historiques_factures VALUES("256","5872","13","2014-04-02","2014-04-05 15:04:41","");
INSERT INTO t_historiques_factures VALUES("257","195858","4","2014-04-02","2014-04-05 15:08:09","");
INSERT INTO t_historiques_factures VALUES("258","5097","11","2014-04-03","2014-04-05 15:14:34","");
INSERT INTO t_historiques_factures VALUES("259","1687","9","2014-04-03","2014-04-05 15:16:24","");
INSERT INTO t_historiques_factures VALUES("260","1318041","27","2014-04-03","2014-04-05 15:18:01","");
INSERT INTO t_historiques_factures VALUES("261","2181","18","2014-04-03","2014-04-05 15:20:02","");
INSERT INTO t_historiques_factures VALUES("262","44982","3","2014-04-03","2014-04-05 15:20:55","");
INSERT INTO t_historiques_factures VALUES("263","17961","22","2014-04-03","2014-04-05 15:22:58","");
INSERT INTO t_historiques_factures VALUES("264","44007","3","2014-04-04","2014-04-05 15:24:28","");
INSERT INTO t_historiques_factures VALUES("265","2188","18","2014-04-04","2014-04-05 15:25:20","");
INSERT INTO t_historiques_factures VALUES("266","5071","11","2014-03-31","2014-04-05 15:29:42","");
INSERT INTO t_historiques_factures VALUES("267","19096","9","2014-04-04","2014-04-05 15:31:32","");
INSERT INTO t_historiques_factures VALUES("268","3689","14","2014-04-04","2014-04-05 15:32:32","");
INSERT INTO t_historiques_factures VALUES("269","2852","11","2014-04-04","2014-04-05 15:35:31","");
INSERT INTO t_historiques_factures VALUES("270","10306","12","2014-04-04","2014-04-05 15:36:48","");
INSERT INTO t_historiques_factures VALUES("271","1692","9","2014-04-05","2014-04-06 07:27:39","");
INSERT INTO t_historiques_factures VALUES("272","596236","12","2014-04-08","2014-04-10 14:54:06","");



DROP TABLE IF EXISTS t_historiques_syntheses;

CREATE TABLE `t_historiques_syntheses` (
  `idt_historiques_syntheses` int(11) NOT NULL AUTO_INCREMENT,
  `id_user` int(11) NOT NULL,
  `achats_mensuels` int(11) NOT NULL,
  `ventes_mensuelles` int(11) NOT NULL,
  `montant_stock` int(11) NOT NULL,
  `montant_charges_diverses` int(11) NOT NULL,
  `fonds_especes` int(11) NOT NULL,
  `patrimoine` int(11) NOT NULL,
  `recettes_percues` int(11) NOT NULL,
  `benefice_brut` int(11) NOT NULL,
  `benefice_net` int(11) NOT NULL,
  `ecart` int(11) NOT NULL,
  `date_inventaire` datetime NOT NULL,
  `ration` float NOT NULL,
  `dette_fournisseur` float NOT NULL,
  `depenses_diverses` float NOT NULL,
  `avaries` float NOT NULL,
  `credit_client` float NOT NULL,
  `capsules` float NOT NULL,
  `solde` float NOT NULL,
  `filepath` varchar(255) NOT NULL,
  PRIMARY KEY (`idt_historiques_syntheses`)
) ENGINE=InnoDB AUTO_INCREMENT=9 DEFAULT CHARSET=latin1;

INSERT INTO t_historiques_syntheses VALUES("5","8","8617284","9011785","6130935","1071900","0","6179535","7180013","1557385","485485","1831772","2014-03-13 14:51:04","167750","0","868150","0","36000","48600","-759872","Inventaire_20140313/inventaire_145133.pdf");
INSERT INTO t_historiques_syntheses VALUES("6","8","7896646","8917702","6632085","1224800","13500","6680185","8113215","1248990","24190","790987","2014-04-06 15:06:48","185650","0","936900","76650","25600","34600","433813","");
INSERT INTO t_historiques_syntheses VALUES("7","8","8107078","9155202","6634185","1224800","13500","6682285","8113215","1273838","49038","1028487","2014-04-22 16:43:54","185650","0","936900","76650","25600","34600","196313","Inventaire_20140422/inventaire_164432.pdf");
INSERT INTO t_historiques_syntheses VALUES("8","2","6314187","14083201","0","0","0","0","0","2467604","2467604","14083201","2015-03-26 15:42:21","0","0","0","0","0","0","-14083200","");



DROP TABLE IF EXISTS t_inventaires;

CREATE TABLE `t_inventaires` (
  `idt_inventaires` int(11) NOT NULL AUTO_INCREMENT,
  `id_user` int(11) NOT NULL,
  `ration` int(11) NOT NULL,
  `dette_fournisseur` int(11) NOT NULL,
  `depenses_diverses` int(11) NOT NULL,
  `avaries` int(11) NOT NULL,
  `credit_client` int(11) NOT NULL,
  `fonds` int(11) NOT NULL,
  `capsules` int(11) NOT NULL,
  `recettes_percues` int(11) NOT NULL,
  `date_inventaire` datetime NOT NULL,
  `commentaire` text NOT NULL,
  `filepath` varchar(255) NOT NULL,
  PRIMARY KEY (`idt_inventaires`)
) ENGINE=InnoDB AUTO_INCREMENT=48 DEFAULT CHARSET=latin1;

INSERT INTO t_inventaires VALUES("1","3","0","0","0","0","0","0","0","0","2015-03-28 15:28:08","mm","");
INSERT INTO t_inventaires VALUES("2","3","0","0","0","0","0","0","0","0","2015-03-28 15:29:40","mm","");
INSERT INTO t_inventaires VALUES("3","3","0","0","0","0","0","0","0","0","2015-03-28 15:31:46","feer","");
INSERT INTO t_inventaires VALUES("4","4","0","0","0","0","0","0","0","0","2015-03-28 15:33:36","bhzbdiz","");
INSERT INTO t_inventaires VALUES("5","2","0","0","0","0","0","0","0","0","2015-03-28 15:37:49","bqdcbezf","");
INSERT INTO t_inventaires VALUES("6","4","0","0","0","0","0","0","0","0","2015-03-28 15:38:00","bqdcbezf","");
INSERT INTO t_inventaires VALUES("10","11","9","9","9","9","9","9","9","9","2015-03-28 19:40:21","neuf","");
INSERT INTO t_inventaires VALUES("11","3","6","6","6","6","6","66","6","6","2015-03-28 19:52:53","six","");
INSERT INTO t_inventaires VALUES("12","4","4","4","4","4","4","4","44","4","2015-03-29 00:29:17","quatre","");
INSERT INTO t_inventaires VALUES("13","4","4","4","4","4","4","4","44","4","2015-03-29 00:29:17","quatre","");
INSERT INTO t_inventaires VALUES("14","3","8","8","8","8","8","8","8","8","2015-03-29 00:53:14","huit","");
INSERT INTO t_inventaires VALUES("15","3","8","8","8","8","8","8","8","8","2015-03-29 00:53:14","huit","Inventaire/inventaire_20150329_005324.pdf");
INSERT INTO t_inventaires VALUES("16","3","3","3","3","3","3","33","3","3","2015-03-29 01:15:38","trois","");
INSERT INTO t_inventaires VALUES("17","3","3","3","3","3","3","33","3","3","2015-03-29 01:15:38","trois","");
INSERT INTO t_inventaires VALUES("18","2","0","0","0","0","0","0","0","0","2015-03-31 08:34:27","bad","");
INSERT INTO t_inventaires VALUES("19","2","0","0","0","0","0","0","0","0","2015-03-31 08:34:27","bad","");
INSERT INTO t_inventaires VALUES("20","2","0","0","0","0","0","0","0","0","2015-03-31 08:40:32","zero","");
INSERT INTO t_inventaires VALUES("21","2","0","0","0","0","0","0","0","0","2015-03-31 08:40:32","zero","");
INSERT INTO t_inventaires VALUES("22","4","1","1","1","11","1","1","1","11","2015-03-31 08:45:30","un","");
INSERT INTO t_inventaires VALUES("23","4","1","1","1","11","1","1","1","11","2015-03-31 08:45:30","un","");
INSERT INTO t_inventaires VALUES("24","3","2","2","2","2","22","2","2","2","2015-03-31 08:51:41","deux","");
INSERT INTO t_inventaires VALUES("25","3","2","2","2","2","22","2","2","2","2015-03-31 08:51:41","deux","Inventaire/.pdf");
INSERT INTO t_inventaires VALUES("26","11","5","5","5","5","5","5","55","5","2015-04-03 00:48:13","cinq","");
INSERT INTO t_inventaires VALUES("27","11","5","5","5","5","5","5","55","5","2015-04-03 00:48:13","cinq","");
INSERT INTO t_inventaires VALUES("28","11","55","5","5","5","5","5","5","5","2015-04-03 00:51:55","cinq","");
INSERT INTO t_inventaires VALUES("29","11","55","5","5","5","5","5","5","5","2015-04-03 00:51:55","cinq","");
INSERT INTO t_inventaires VALUES("30","2","9","9","9","9","9","9","9","9","2015-04-03 00:57:01","neuf","");
INSERT INTO t_inventaires VALUES("31","2","9","9","9","9","9","9","9","9","2015-04-03 00:57:01","neuf","");
INSERT INTO t_inventaires VALUES("32","4","2","2","2","2","22","2","2","2","2015-04-03 01:04:09","deux","");
INSERT INTO t_inventaires VALUES("33","4","2","2","2","2","22","2","2","2","2015-04-03 01:04:09","deux","");
INSERT INTO t_inventaires VALUES("34","11","4","4","4","4","4","4","4","4","2015-04-03 10:39:04","quatre","");
INSERT INTO t_inventaires VALUES("35","11","4","4","4","4","4","4","4","4","2015-04-03 10:39:04","quatre","");
INSERT INTO t_inventaires VALUES("36","11","4","4","4","4","44","4","44","4","2015-04-03 10:49:36","quatre","");
INSERT INTO t_inventaires VALUES("37","11","4","4","4","4","44","4","44","4","2015-04-03 10:49:36","quatre","");
INSERT INTO t_inventaires VALUES("38","11","4","4","4","44","4","4","4","4","2015-04-03 10:51:26","quatre","");
INSERT INTO t_inventaires VALUES("39","11","4","4","4","44","4","4","4","4","2015-04-03 10:51:26","quatre","");
INSERT INTO t_inventaires VALUES("40","8","5","5","5","55","5","5","5","5","2015-04-03 10:56:23","cinq","");
INSERT INTO t_inventaires VALUES("41","8","5","5","5","55","5","5","5","5","2015-04-03 10:56:23","cinq","");
INSERT INTO t_inventaires VALUES("42","11","6","6","6","6","6","6","6","6","2015-04-03 11:01:40","six","");
INSERT INTO t_inventaires VALUES("43","11","6","6","6","6","6","6","6","6","2015-04-03 11:01:40","six","downloads/Inventaires/inventaire_20150403.html");
INSERT INTO t_inventaires VALUES("44","11","7","7","7","7","77","7","7","7","2015-04-03 14:21:31","sept","");
INSERT INTO t_inventaires VALUES("45","11","7","7","7","7","77","7","7","7","2015-04-03 14:21:31","sept","downloads/Inventaires/inventaire_20150403.html");
INSERT INTO t_inventaires VALUES("46","11","8","8","8","8","8","8","8","8","2015-04-03 14:24:21","huit","");
INSERT INTO t_inventaires VALUES("47","11","8","8","8","8","8","8","8","8","2015-04-03 14:24:21","huit","");



DROP TABLE IF EXISTS t_journal;

CREATE TABLE `t_journal` (
  `idt_journal` int(11) NOT NULL AUTO_INCREMENT,
  `date_journal` datetime NOT NULL,
  `commentaire` text,
  `id_user` int(11) NOT NULL,
  `id_inventaire` int(11) NOT NULL,
  PRIMARY KEY (`idt_journal`)
) ENGINE=InnoDB AUTO_INCREMENT=13 DEFAULT CHARSET=latin1;

INSERT INTO t_journal VALUES("7","2015-03-25 23:24:59","deo","2","7");
INSERT INTO t_journal VALUES("8","2015-03-25 23:30:46","savon","2","7");
INSERT INTO t_journal VALUES("9","2015-03-25 23:53:41","red bull","2","7");
INSERT INTO t_journal VALUES("10","2015-03-28 19:51:17","bonne journée de travail","2","11");
INSERT INTO t_journal VALUES("11","2015-04-02 08:20:05","gel lemon","2","41");
INSERT INTO t_journal VALUES("12","2015-04-02 08:23:04","huile","2","41");



DROP TABLE IF EXISTS t_operations;

CREATE TABLE `t_operations` (
  `idt_operations` int(11) NOT NULL AUTO_INCREMENT,
  `numero_operation` varchar(255) NOT NULL,
  `id_produit` int(11) NOT NULL,
  `quantite_vendue` int(11) NOT NULL,
  `id_journal` int(11) NOT NULL,
  PRIMARY KEY (`idt_operations`)
) ENGINE=InnoDB AUTO_INCREMENT=27 DEFAULT CHARSET=latin1;

INSERT INTO t_operations VALUES("5","2015_03_25-8","214","45","7");
INSERT INTO t_operations VALUES("6","2015_03_25-9","794","69","7");
INSERT INTO t_operations VALUES("7","2015_03_25-10","559","12","8");
INSERT INTO t_operations VALUES("8","2015_03_25-11","534","782","9");
INSERT INTO t_operations VALUES("9","2015_03_28-1","440","12","10");
INSERT INTO t_operations VALUES("10","2015_03_28-2","353","8","10");
INSERT INTO t_operations VALUES("11","2015_03_28-3","234","23","10");
INSERT INTO t_operations VALUES("22","2015_04_01-3","794","12","11");
INSERT INTO t_operations VALUES("23","2015_04_02-4","239","6","11");
INSERT INTO t_operations VALUES("24","2015_04_02-5","242","1","11");
INSERT INTO t_operations VALUES("25","2015_04_02-6","277","2","12");
INSERT INTO t_operations VALUES("26","2015_04_02-7","275","6","12");



DROP TABLE IF EXISTS t_produits;

CREATE TABLE `t_produits` (
  `idt_produits` int(11) NOT NULL AUTO_INCREMENT,
  `nom_produit` varchar(255) NOT NULL,
  `stock_initial` int(11) NOT NULL,
  `stock_physique` int(11) NOT NULL,
  `prix_achat` float NOT NULL,
  `prix_vente` float NOT NULL,
  PRIMARY KEY (`idt_produits`)
) ENGINE=InnoDB AUTO_INCREMENT=925 DEFAULT CHARSET=latin1;

INSERT INTO t_produits VALUES("1","1664 33CL","0","0","625","800");
INSERT INTO t_produits VALUES("2","1664 50CL","0","0","646","1000");
INSERT INTO t_produits VALUES("4","AIR    FRESH","0","0","600","1000");
INSERT INTO t_produits VALUES("5","AJAX    350  G","0","0","634","700");
INSERT INTO t_produits VALUES("6","AJAX  750G","0","0","1100","1300");
INSERT INTO t_produits VALUES("7","ALCOOL   95","0","0","250","500");
INSERT INTO t_produits VALUES("8","ALLUMETTE","0","0","170","250");
INSERT INTO t_produits VALUES("9","ALMA","0","0","1875","2200");
INSERT INTO t_produits VALUES("10","AMPOULE     B22","0","0","110","250");
INSERT INTO t_produits VALUES("11","AMPOULE    A  VIS","0","0","200","500");
INSERT INTO t_produits VALUES("12","AMPOULE    ECO","0","0","260","500");
INSERT INTO t_produits VALUES("13","AMSTEL 65CL","0","0","542","600");
INSERT INTO t_produits VALUES("14","ANTI  ROUILLE","0","0","333","500");
INSERT INTO t_produits VALUES("15","ANTIMOUSTIQUE EN COMPRIME","0","0","75","100");
INSERT INTO t_produits VALUES("16","AROME  MAGGI   138 ML","0","0","666","700");
INSERT INTO t_produits VALUES("17","AROME  MAGGI  GM","0","0","850","1100");
INSERT INTO t_produits VALUES("18","ATOMIC  CHINOIR","0","0","62","100");
INSERT INTO t_produits VALUES("19","ATOMIC  LIQUIDE","0","0","70","100");
INSERT INTO t_produits VALUES("20","AUTHENTIC  BOMBE","0","0","84","150");
INSERT INTO t_produits VALUES("21","BALLON    PETIT","0","0","150","300");
INSERT INTO t_produits VALUES("22","BANDE  COLANTE","0","0","10","25");
INSERT INTO t_produits VALUES("23","BARBOUCHE","0","0","350","400");
INSERT INTO t_produits VALUES("26","BEURRE    ARMANTI  450G","0","0","834","1000");
INSERT INTO t_produits VALUES("27","BEURRE    ARMANTI  900G","0","0","1334","1500");
INSERT INTO t_produits VALUES("28","BEURRE    DE  TABLE","0","0","75","100");
INSERT INTO t_produits VALUES("29","BEURRE  JADIDA  250G","0","0","594","700");
INSERT INTO t_produits VALUES("30","BEURRE  JADIDA  450G","0","0","833","1000");
INSERT INTO t_produits VALUES("31","BEURRE  JADIDA  900G","0","0","1550","1600");
INSERT INTO t_produits VALUES("32","BEURRE  ROSA  450G","0","0","900","1000");
INSERT INTO t_produits VALUES("33","BEURRE  ROSA  900G","0","0","1400","1500");
INSERT INTO t_produits VALUES("34","BIBERON","0","0","791","1000");
INSERT INTO t_produits VALUES("35","BIC CRISTAL","0","0","70","100");
INSERT INTO t_produits VALUES("36","BISCUIT     DIGESTIVE  PLUS","0","0","87","100");
INSERT INTO t_produits VALUES("37","BISCUIT     LBM","0","0","350","500");
INSERT INTO t_produits VALUES("38","BISCUIT     NICE    100F","0","0","70","100");
INSERT INTO t_produits VALUES("39","BISCUIT     NICE    25F","0","0","20","25");
INSERT INTO t_produits VALUES("40","BISCUIT    BIFA","0","0","350","500");
INSERT INTO t_produits VALUES("41","BISCUIT    BISS CLASS","0","0","355","500");
INSERT INTO t_produits VALUES("42","BISCUIT    COOKIES    BITE","0","0","375","500");
INSERT INTO t_produits VALUES("43","BISCUIT    DE    100F","0","0","87","100");
INSERT INTO t_produits VALUES("44","BISCUIT    HAM","0","0","166","200");
INSERT INTO t_produits VALUES("45","BISCUIT    MORE","0","0","84","100");
INSERT INTO t_produits VALUES("46","BISCUIT    MURCH 100 F","0","0","84","100");
INSERT INTO t_produits VALUES("47","BISCUIT    MURCH 50 F","0","0","42","50");
INSERT INTO t_produits VALUES("48","BISCUIT   CREAM","0","0","497","500");
INSERT INTO t_produits VALUES("49","BISCUIT   LUCIE","0","0","150","200");
INSERT INTO t_produits VALUES("50","BISCUIT  ANITA","0","0","84","100");
INSERT INTO t_produits VALUES("52","BISCUIT  BISCOLATA","0","0","105","125");
INSERT INTO t_produits VALUES("53","BISCUIT  BUTTER COOKIES","0","0","1834","2300");
INSERT INTO t_produits VALUES("54","BISCUIT  DELICIOUS","0","0","875","1000");
INSERT INTO t_produits VALUES("55","BISCUIT  FOURRE  HELENA","0","0","800","1000");
INSERT INTO t_produits VALUES("56","BISCUIT  GATA","0","0","89","100");
INSERT INTO t_produits VALUES("57","BISCUIT  MEGA CHOCK","0","0","708","1000");
INSERT INTO t_produits VALUES("58","BISCUIT  MILK  CHOC","0","0","87","100");
INSERT INTO t_produits VALUES("59","BISCUIT  NICE DE 500","0","0","350","500");
INSERT INTO t_produits VALUES("60","BISCUIT  PANIA","0","0","83","100");
INSERT INTO t_produits VALUES("61","BISCUIT  PARLE  G   100F","0","0","87","100");
INSERT INTO t_produits VALUES("62","BISCUIT  PARLE  G   25F","0","0","19","25");
INSERT INTO t_produits VALUES("63","BISCUIT  PARLE  G   50F","0","0","40","50");
INSERT INTO t_produits VALUES("64","BISCUIT  PICNIC","0","0","87","100");
INSERT INTO t_produits VALUES("66","BISCUIT  SPRITS","0","0","900","1000");
INSERT INTO t_produits VALUES("67","BISCUIT  TANGO","0","0","96","125");
INSERT INTO t_produits VALUES("68","BISCUIT  TASTE","0","0","70","100");
INSERT INTO t_produits VALUES("70","BISCUIT  TROP   TOP","0","0","687","800");
INSERT INTO t_produits VALUES("71","BISCUIT  WAFFY","0","0","222","300");
INSERT INTO t_produits VALUES("72","BISCUIT  WEEK","0","0","166","200");
INSERT INTO t_produits VALUES("73","BISCUIT  WHEAT","0","0","166","200");
INSERT INTO t_produits VALUES("74","BLEDILAIT  400G","0","0","2583","3000");
INSERT INTO t_produits VALUES("75","BLEDILAIT  CROISSANCE","0","0","2000","2300");
INSERT INTO t_produits VALUES("76","BLEDILAIT 900G","0","0","5333","5500");
INSERT INTO t_produits VALUES("77","BLEU  A  LINGE","0","0","70","100");
INSERT INTO t_produits VALUES("78","BLEU  DIAMOND  MAQUERELLE  GM","0","0","666","800");
INSERT INTO t_produits VALUES("79","BLOW UP CHEWINGUM","0","0","18","25");
INSERT INTO t_produits VALUES("80","BOBB   INALER ","0","0","250","300");
INSERT INTO t_produits VALUES("81","BOITE  ACADEMY","0","0","350","500");
INSERT INTO t_produits VALUES("82","BONBON    CAFE","0","0","13","25");
INSERT INTO t_produits VALUES("83","BONBON    GINGER","0","0","21","25");
INSERT INTO t_produits VALUES("84","BONBON    MAXI  GINGER","0","0","9","25");
INSERT INTO t_produits VALUES("85","BONBON   KOLA","0","0","21","25");
INSERT INTO t_produits VALUES("86","BONBON   MILKY POP","0","0","20","25");
INSERT INTO t_produits VALUES("87","BONBON  ARCOR","0","0","85","100");
INSERT INTO t_produits VALUES("88","BONBON  BUTIK","0","0","20","25");
INSERT INTO t_produits VALUES("89","BONBON  CUP CARAMEL","0","0","75","100");
INSERT INTO t_produits VALUES("90","BONBON  CUP COFITOS","0","0","75","100");
INSERT INTO t_produits VALUES("91","BONBON  CUP FRAISE","0","0","75","100");
INSERT INTO t_produits VALUES("92","BONBON  DE   25F","0","0","22","25");
INSERT INTO t_produits VALUES("93","BONBON  FREH  ACTION","0","0","75","100");
INSERT INTO t_produits VALUES("94","BONBON  ICE  VERT","0","0","250","300");
INSERT INTO t_produits VALUES("95","BONBON  ICE ROUGE","0","0","250","300");
INSERT INTO t_produits VALUES("96","BONBON ICE  BLEU","0","0","250","300");
INSERT INTO t_produits VALUES("97","BONBON TOMTOM","0","0","14","25");
INSERT INTO t_produits VALUES("98","BONBON YOUPI","0","0","22","25");
INSERT INTO t_produits VALUES("100","BOUGIE","0","0","64","100");
INSERT INTO t_produits VALUES("101","BRIDEL  LAIT   400G","0","0","1950","2200");
INSERT INTO t_produits VALUES("102","BRIDEL DEMI ECREME","0","0","1000","1200");
INSERT INTO t_produits VALUES("103","BRIQUET","0","0","70","100");
INSERT INTO t_produits VALUES("104","BROSSE   A  CIRER","0","0","166","250");
INSERT INTO t_produits VALUES("105","BROSSE   A  DENT    V  I  P","0","0","150","200");
INSERT INTO t_produits VALUES("106","BROSSE  A  DENT   DE  200F","0","0","62","200");
INSERT INTO t_produits VALUES("107","BROSSE  A  LINGE  GRAND","0","0","300","500");
INSERT INTO t_produits VALUES("108","BROSSE  A  LINGE  PM","0","0","166","200");
INSERT INTO t_produits VALUES("109","BROSSE  A DENT  ORAL  B   DE  600F","0","0","469","600");
INSERT INTO t_produits VALUES("110","BROSSE  ADENT  COBOR","0","0","113","300");
INSERT INTO t_produits VALUES("111","BROSSE  ADENT  ORA B  500","0","0","400","500");
INSERT INTO t_produits VALUES("112","BROSSE  ANTI CARRIE","0","0","216","350");
INSERT INTO t_produits VALUES("113","BROSSE  DOUBLE  ACTION ","0","0","283","400");
INSERT INTO t_produits VALUES("114","BROSSE A DENT COLGATE","0","0","250","400");
INSERT INTO t_produits VALUES("115","BROSSE A DENT ORAL B","0","0","392","500");
INSERT INTO t_produits VALUES("116","BROSSE A DENT ORAL B DE 300F","0","0","250","300");
INSERT INTO t_produits VALUES("117","CADENAS  PALOCK","0","0","233","400");
INSERT INTO t_produits VALUES("118","CAFE   DELICE   250G","0","0","980","1200");
INSERT INTO t_produits VALUES("119","CAFE  FORCE  2      250G","0","0","980","1200");
INSERT INTO t_produits VALUES("120","CAFE  FORCE  2      500G","0","0","1917","2200");
INSERT INTO t_produits VALUES("121","CAFE  VITAL  250G","0","0","822","1000");
INSERT INTO t_produits VALUES("122","CAFE PLIBERT  1KG","0","0","5000","5500");
INSERT INTO t_produits VALUES("123","CAFE PLIBERT  250G","0","0","1350","1500");
INSERT INTO t_produits VALUES("124","CAFE PLIBERT  500G","0","0","2600","3000");
INSERT INTO t_produits VALUES("125","CAFE TINO 3 EN 1","0","0","80","100");
INSERT INTO t_produits VALUES("126","CAFE VITAL   500G","0","0","1624","2000");
INSERT INTO t_produits VALUES("127","CAFENEX  SACHET","0","0","10","50");
INSERT INTO t_produits VALUES("128","CAHIER   100PAGES","0","0","170","250");
INSERT INTO t_produits VALUES("129","CAHIER  100  PAGES  T P","0","0","430","600");
INSERT INTO t_produits VALUES("130","CAHIER  120 PAGES","0","0","220","300");
INSERT INTO t_produits VALUES("131","CAHIER  144  PAGES","0","0","230","350");
INSERT INTO t_produits VALUES("132","CAHIER  200  PAGES   TP","0","0","700","900");
INSERT INTO t_produits VALUES("133","CAHIER  200 PAGES","0","0","320","450");
INSERT INTO t_produits VALUES("134","CAHIER  288  PAGES","0","0","500","650");
INSERT INTO t_produits VALUES("135","CAHIER  300  PAGES","0","0","540","700");
INSERT INTO t_produits VALUES("136","CAHIER  32 PAGES","0","0","90","100");
INSERT INTO t_produits VALUES("137","CAHIER  50 PAGES","0","0","104","150");
INSERT INTO t_produits VALUES("138","CAHIER  ANGLAIS  20  LEAVES","0","0","72","100");
INSERT INTO t_produits VALUES("139","CAHIER  ANGLAIS  40  LEAVES","0","0","127","200");
INSERT INTO t_produits VALUES("140","CAHIER  ANGLAIS  80 LEAVES","0","0","200","400");
INSERT INTO t_produits VALUES("141","CAHIER  DE  DESSIN","0","0","65","100");
INSERT INTO t_produits VALUES("142","CAHIER ANGLAIS  60 LEAVES","0","0","200","300");
INSERT INTO t_produits VALUES("143","CALCULATRICE","0","0","800","1000");
INSERT INTO t_produits VALUES("145","CAROLIGHT CREAM","0","0","1300","1600");
INSERT INTO t_produits VALUES("146","CARTE     MTN  1000 F","0","0","950","1000");
INSERT INTO t_produits VALUES("147","CARTE     MTN  10000 F","0","0","9500","10000");
INSERT INTO t_produits VALUES("148","CARTE     MTN  2500 F","0","0","2375","2500");
INSERT INTO t_produits VALUES("149","CARTE     MTN  5000 F","0","0","4750","5000");
INSERT INTO t_produits VALUES("150","CARTE    ORANGE  1000 F","0","0","950","1000");
INSERT INTO t_produits VALUES("151","CARTE    ORANGE  10000 F","0","0","9500","10000");
INSERT INTO t_produits VALUES("152","CARTE    ORANGE  2000 F","0","0","1800","2000");
INSERT INTO t_produits VALUES("153","CARTE    ORANGE  3000 F","0","0","2750","3000");
INSERT INTO t_produits VALUES("154","CARTE    ORANGE  5000 F","0","0","4750","5000");
INSERT INTO t_produits VALUES("155","CASSOULLET    GM","0","0","1916","2000");
INSERT INTO t_produits VALUES("156","CASSOULLET  PM","0","0","1125","1300");
INSERT INTO t_produits VALUES("159","CASTLE MILK STOUT","0","0","542","600");
INSERT INTO t_produits VALUES("160","CERELAC BLE  400G","0","0","2355","2600");
INSERT INTO t_produits VALUES("161","CERELAC SACHET 50G","0","0","200","250");
INSERT INTO t_produits VALUES("163","CHANPIGON  400G","0","0","916","1100");
INSERT INTO t_produits VALUES("164","CHAUSSURE  BARBOUCHE","0","0","650","1000");
INSERT INTO t_produits VALUES("165","CHEMISE  CARTONNEE","0","0","35","100");
INSERT INTO t_produits VALUES("166","CHI  CHI","0","0","150","200");
INSERT INTO t_produits VALUES("167","CHIGUIM  CHOCOCAM","0","0","25","50");
INSERT INTO t_produits VALUES("168","CHIGUM  EUROPE","0","0","40","50");
INSERT INTO t_produits VALUES("169","CHINGUM XXL","0","0","22","50");
INSERT INTO t_produits VALUES("170","CHOCO  BROLI","0","0","1200","1400");
INSERT INTO t_produits VALUES("171","CHOCO CROC","0","0","140","150");
INSERT INTO t_produits VALUES("172","CHOCOLAT    CARRE","0","0","17","25");
INSERT INTO t_produits VALUES("174","CHOCOLAT   LAMONT","0","0","95","125");
INSERT INTO t_produits VALUES("175","CHOCOLAT   MAXI","0","0","83","100");
INSERT INTO t_produits VALUES("176","CHOCOLAT   PLUTO","0","0","91","100");
INSERT INTO t_produits VALUES("177","CHOCOLAT  AU   LAIT  100G","0","0","544","600");
INSERT INTO t_produits VALUES("178","CHOCOLAT  CIKILOP","0","0","104","125");
INSERT INTO t_produits VALUES("180","CHOCOLAT  JACKY","0","0","83","100");
INSERT INTO t_produits VALUES("181","CHOCOLAT LALA 400G","0","0","1250","1500");
INSERT INTO t_produits VALUES("182","CHOCOLAT MAMBO","0","0","110","150");
INSERT INTO t_produits VALUES("183","CIGARETTE    BUSINESS","0","0","700","1000");
INSERT INTO t_produits VALUES("189","CIRAGE  KIWI","0","0","375","500");
INSERT INTO t_produits VALUES("190","CIRAGE  LIQUIDE","0","0","416","700");
INSERT INTO t_produits VALUES("191","CISEAU","0","0","100","200");
INSERT INTO t_produits VALUES("192","CONDON","0","0","58","100");
INSERT INTO t_produits VALUES("193","CORNICHON","0","0","958","1200");
INSERT INTO t_produits VALUES("194","COTON      SITA","0","0","262","400");
INSERT INTO t_produits VALUES("195","COTON  TIGE  BOITE","0","0","166","250");
INSERT INTO t_produits VALUES("196","COTON  TIGE  SACHET","0","0","65","100");
INSERT INTO t_produits VALUES("197","COUCHE  ORIDEL","0","0","4500","5000");
INSERT INTO t_produits VALUES("198","COUCHE PAMPERS DE  3700","0","0","3300","3700");
INSERT INTO t_produits VALUES("199","COUCHE PAMPERS DE 10500","0","0","9500","10500");
INSERT INTO t_produits VALUES("200","COUCHE PAMPERS DE 1600","0","0","1420","1600");
INSERT INTO t_produits VALUES("201","COUCHE PAMPERS DE 5270","0","0","5270","6000");
INSERT INTO t_produits VALUES("202","COUCHES PAMPERS DE 500 ","0","0","4768","5000");
INSERT INTO t_produits VALUES("203","CRAIE","0","0","13","25");
INSERT INTO t_produits VALUES("204","CRAYON    ORDINAIRE","0","0","12","25");
INSERT INTO t_produits VALUES("205","CRAYON  CONTE","0","0","24","50");
INSERT INTO t_produits VALUES("206","CRAYON  COULEUR  GM","0","0","291","400");
INSERT INTO t_produits VALUES("207","CRAYON  COULEUR  PM","0","0","116","250");
INSERT INTO t_produits VALUES("208","CREAM  DOROT","0","0","500","600");
INSERT INTO t_produits VALUES("209","CREAM PURSKIN","0","0","1300","1600");
INSERT INTO t_produits VALUES("210","CRESYL  1L","0","0","300","500");
INSERT INTO t_produits VALUES("211","CUBE  HONIG","0","0","9","10");
INSERT INTO t_produits VALUES("212","CUBE  PRIMA","0","0","20","25");
INSERT INTO t_produits VALUES("213","CUIRE  DENT","0","0","66","100");
INSERT INTO t_produits VALUES("214","DEODERANT  VICKY","0","0","500","800");
INSERT INTO t_produits VALUES("215","DEODORANT   DE  1000F","0","0","625","1000");
INSERT INTO t_produits VALUES("216","DEODORANT  BECKON","0","0","500","1000");
INSERT INTO t_produits VALUES("217","DESODO","0","0","175","250");
INSERT INTO t_produits VALUES("219","DJINO  PET  50 CL","0","0","450","500");
INSERT INTO t_produits VALUES("220","DOUILLE","0","0","166","300");
INSERT INTO t_produits VALUES("222","EAU AQUABELLE","0","0","175","250");
INSERT INTO t_produits VALUES("223","EFFRALGAN","0","0","56","100");
INSERT INTO t_produits VALUES("224","ENVELOPPE   A4","0","0","36","100");
INSERT INTO t_produits VALUES("225","ENVELOPPE   A5","0","0","25","50");
INSERT INTO t_produits VALUES("226","ENVELOPPE   A6","0","0","11","25");
INSERT INTO t_produits VALUES("227","EPONGE  METALIQUE","0","0","59","75");
INSERT INTO t_produits VALUES("229","FIL  A  COUDRE","0","0","29","100");
INSERT INTO t_produits VALUES("230","FIL  A  TRESSER","0","0","34","50");
INSERT INTO t_produits VALUES("231","FILTRE  A CAFE  N4","0","0","900","1200");
INSERT INTO t_produits VALUES("232","FOSTER  CLARKS","0","0","154","200");
INSERT INTO t_produits VALUES("233","FRANCE LAIT","0","0","2733","3000");
INSERT INTO t_produits VALUES("234","FRESCO","0","0","259","350");
INSERT INTO t_produits VALUES("236","FRUITAS 1L","0","0","650","800");
INSERT INTO t_produits VALUES("237","GARNITURE  TOP  DRY","0","0","450","600");
INSERT INTO t_produits VALUES("238","GARNITURE  ULTRA  WING","0","0","450","600");
INSERT INTO t_produits VALUES("239","GEL  DE  CHEVEUX","0","0","350","500");
INSERT INTO t_produits VALUES("240","GILETTE DE 1100","0","0","880","1100");
INSERT INTO t_produits VALUES("241","GILETTE DE 750","0","0","581","750");
INSERT INTO t_produits VALUES("242","GILETTE GEL A RASER","0","0","2100","2500");
INSERT INTO t_produits VALUES("243","GILLETTE   DEODORANT","0","0","2760","3500");
INSERT INTO t_produits VALUES("244","GILLETTE  700","0","0","545","700");
INSERT INTO t_produits VALUES("245","GILLETTE  DE  750","0","0","650","750");
INSERT INTO t_produits VALUES("246","GILLETTE  GEL  A   RASER","0","0","2200","2500");
INSERT INTO t_produits VALUES("247","GILLETTE  MOUSSE A  RASER","0","0","1700","2000");
INSERT INTO t_produits VALUES("248","GILLETTE 1100","0","0","900","1100");
INSERT INTO t_produits VALUES("249","GLYCERINE   GM","0","0","250","500");
INSERT INTO t_produits VALUES("250","GLYCERINE   PM","0","0","166","200");
INSERT INTO t_produits VALUES("251","GOMME","0","0","50","100");
INSERT INTO t_produits VALUES("252","GUIGOZ   CLASSIC","0","0","1814","2000");
INSERT INTO t_produits VALUES("253","GUIGOZ   FRUIT","0","0","2458","2600");
INSERT INTO t_produits VALUES("265","GUINNESS ICE ROUGE","0","0","410","450");
INSERT INTO t_produits VALUES("269","HEINEKEN 65CL","0","0","1000","1200");
INSERT INTO t_produits VALUES("271","HIENEKEN  50CL","0","0","625","800");
INSERT INTO t_produits VALUES("272","HIENEKEN  BOUTEILLE  65CL","0","0","1000","1200");
INSERT INTO t_produits VALUES("273","HOLLYWOOD CHIGUM","0","0","75","100");
INSERT INTO t_produits VALUES("274","HUILE   DE   CHEVEUX","0","0","325","500");
INSERT INTO t_produits VALUES("275","HUILE  AZUR","0","0","1120","1250");
INSERT INTO t_produits VALUES("276","HUILE  JADIDA","0","0","1650","2000");
INSERT INTO t_produits VALUES("277","HUILE  MAYOR      1/4L","0","0","373","450");
INSERT INTO t_produits VALUES("279","HUILE  MAYOR  33CL","0","0","343","400");
INSERT INTO t_produits VALUES("280","HUILE  OILIO  1L","0","0","1700","1800");
INSERT INTO t_produits VALUES("281","HUILE DOLIVE PUGET 50CL","0","0","3858","4200");
INSERT INTO t_produits VALUES("282","HUILE DOLIVE SALVADORI 25CL  ","0","0","1400","1600");
INSERT INTO t_produits VALUES("283","HUILE MAYOR 5O CL","0","0","560","600");
INSERT INTO t_produits VALUES("284","INSECTICIDE   MOONTIGER   400ML","0","0","1083","1350");
INSERT INTO t_produits VALUES("285","INSECTICIDE   TIMOR  PM","0","0","916","1300");
INSERT INTO t_produits VALUES("286","INSECTICIDE  BAYGON  300ML","0","0","1334","1600");
INSERT INTO t_produits VALUES("287","INSECTICIDE  BAYGON  400ML","0","0","2084","2500");
INSERT INTO t_produits VALUES("288","INSECTICIDE  MOONTIGER  200ML","0","0","700","900");
INSERT INTO t_produits VALUES("289","INSECTICIDE  MOONTIGER  750ML","0","0","1975","2500");
INSERT INTO t_produits VALUES("290","INSECTICIDE  NOFLY  200ML","0","0","708","900");
INSERT INTO t_produits VALUES("291","INSECTICIDE  NOFLY  400ML","0","0","1083","1350");
INSERT INTO t_produits VALUES("292","INSECTICIDE  NOFLY  750ML","0","0","1975","2500");
INSERT INTO t_produits VALUES("293","INSECTICIDE  ORO  300ML","0","0","933","1200");
INSERT INTO t_produits VALUES("294","INSECTICIDE  ORO  400G","0","0","1333","1500");
INSERT INTO t_produits VALUES("295","INSECTICIDE ORO 500ML","0","0","1458","2000");
INSERT INTO t_produits VALUES("296","INSECTICIDE  RAID  300ML","0","0","916","1300");
INSERT INTO t_produits VALUES("297","INSECTICIDE BAYGON   600ML","0","0","3000","3500");
INSERT INTO t_produits VALUES("298","INSECTICIDE ORO 200ML","0","0","650","900");
INSERT INTO t_produits VALUES("299","INSECTICIDE ORO 750ML","0","0","2000","2500");
INSERT INTO t_produits VALUES("301","JAMBON","0","0","1650","2000");
INSERT INTO t_produits VALUES("302","JAVEL   250   ML","0","0","145","250");
INSERT INTO t_produits VALUES("304","JAVEL  1L","0","0","733","1000");
INSERT INTO t_produits VALUES("305","JAVEL  4L","0","0","2375","2600");
INSERT INTO t_produits VALUES("306","JAVEL  SACHET","0","0","78","100");
INSERT INTO t_produits VALUES("307","JEUX   DE   CARTE","0","0","109","200");
INSERT INTO t_produits VALUES("308","JOUET  PETITE   VOITURE","0","0","600","1000");
INSERT INTO t_produits VALUES("310","JUS   DUDU  MILK  500ML","0","0","495","500");
INSERT INTO t_produits VALUES("311","JUS   NATUREL","0","0","340","500");
INSERT INTO t_produits VALUES("312","JUS   REAL  FRUIT","0","0","875","1000");
INSERT INTO t_produits VALUES("313","JUS  CITRON","0","0","417","500");
INSERT INTO t_produits VALUES("314","JUS  GINGINMBRE","0","0","340","500");
INSERT INTO t_produits VALUES("315","JUS  KDD","0","0","917","1100");
INSERT INTO t_produits VALUES("316","JUS  KEN","0","0","942","1100");
INSERT INTO t_produits VALUES("317","JUS  NUTRIMILK  250ML","0","0","188","250");
INSERT INTO t_produits VALUES("319","JUS BELLICH","0","0","300","400");
INSERT INTO t_produits VALUES("321","KETCHUP","0","0","1125","1300");
INSERT INTO t_produits VALUES("322","KINDE  BUENO","0","0","433","500");
INSERT INTO t_produits VALUES("324","LAIT   TINO  350G","0","0","1375","1500");
INSERT INTO t_produits VALUES("325","LAIT  BERGERE  SACHET","0","0","105","150");
INSERT INTO t_produits VALUES("326","LAIT  CONCENTRE    BROLI  1KG","0","0","1000","1200");
INSERT INTO t_produits VALUES("327","LAIT  CONCENTRE   GINO  1KG","0","0","812","1200");
INSERT INTO t_produits VALUES("328","LAIT  CONCENTRE  JAGO  1KG","0","0","1020","1250");
INSERT INTO t_produits VALUES("329","LAIT  CONCENTRE  PAVANI  1KG","0","0","1187","1300");
INSERT INTO t_produits VALUES("330","LAIT  DE   TOILETTE  SI","0","0","416","700");
INSERT INTO t_produits VALUES("331","LAIT  DE  TOILETTE   BIO  CLAIRE  350ML","0","0","1250","1500");
INSERT INTO t_produits VALUES("332","LAIT  DE  TOILETTE   CARO LIGHT  300ML","0","0","1300","1600");
INSERT INTO t_produits VALUES("333","LAIT  DE  TOILETTE   CAROTINA","0","0","366","500");
INSERT INTO t_produits VALUES("334","LAIT  DE  TOILETTE   GLYCEDERM","0","0","750","1000");
INSERT INTO t_produits VALUES("335","LAIT  DE  TOILETTE   GOLDEN   CLEAR  250ML","0","0","900","1200");
INSERT INTO t_produits VALUES("336","LAIT  DE  TOILETTE   IMMEDIAT  CLAIRE   210ML","0","0","700","900");
INSERT INTO t_produits VALUES("337","LAIT  DE  TOILETTE   MAXI  LIGHT","0","0","500","700");
INSERT INTO t_produits VALUES("338","LAIT  DE  TOILETTE   MIXA","0","0","2000","2300");
INSERT INTO t_produits VALUES("339","LAIT  DE  TOILETTE   NIVEA  HAPPY TIME  400ML","0","0","1500","2000");
INSERT INTO t_produits VALUES("340","LAIT  DE  TOILETTE   PRIMO","0","0","800","1000");
INSERT INTO t_produits VALUES("341","LAIT  DE  TOILETTE   RAPID  CLAIR  300ML","0","0","900","1200");
INSERT INTO t_produits VALUES("342","LAIT  DE  TOILETTE   SILVER  LINE","0","0","416","700");
INSERT INTO t_produits VALUES("343","LAIT  DE  TOILETTE  BOBY  LAMO  250ML","0","0","500","700");
INSERT INTO t_produits VALUES("344","LAIT  FREE   GIGT  PASSION","0","0","750","1000");
INSERT INTO t_produits VALUES("345","LAIT  INCOLAC    SACHET","0","0","80","100");
INSERT INTO t_produits VALUES("346","LAIT  PEARL  SACHET  20G","0","0","80","100");
INSERT INTO t_produits VALUES("347","LAIT  TINO    20G","0","0","83","100");
INSERT INTO t_produits VALUES("348","LAIT PURSKIN","0","0","1300","1600");
INSERT INTO t_produits VALUES("349","LAME     GILLETTE","0","0","25","50");
INSERT INTO t_produits VALUES("350","LAME TIGER","0","0","15","25");
INSERT INTO t_produits VALUES("352","LAMPE LANTERN","0","0","1500","2000");
INSERT INTO t_produits VALUES("353","LAVE  VITRE","0","0","1333","1700");
INSERT INTO t_produits VALUES("354","LEVURE   CHIMIQUE","0","0","60","100");
INSERT INTO t_produits VALUES("355","LINGETTE  A  ALEOVERA","0","0","900","1300");
INSERT INTO t_produits VALUES("356","LINGETTE  CREME","0","0","700","1000");
INSERT INTO t_produits VALUES("357","LINGETTE  ORIDEL","0","0","1100","1400");
INSERT INTO t_produits VALUES("358","LIPTON  THE  SACHET  PM","0","0","35","50");
INSERT INTO t_produits VALUES("359","LIPTON  THE  VERT  JAUNE","0","0","500","625");
INSERT INTO t_produits VALUES("360","LIPTON THE  CITRON","0","0","1625","1650");
INSERT INTO t_produits VALUES("361","LIQUIDE    VAISSELLE  ECLAT","0","0","900","1500");
INSERT INTO t_produits VALUES("362","LIQUIDE    VAISSELLE  L P","0","0","1415","1700");
INSERT INTO t_produits VALUES("363","LIQUIDE    VAISSELLE  MADAR","0","0","1041","1300");
INSERT INTO t_produits VALUES("364","LIQUIDE  M R  PROPRE  PM","0","0","1197","1300");
INSERT INTO t_produits VALUES("365","LIQUIDE  MR  PROPRE  125 L","0","0","1425","1700");
INSERT INTO t_produits VALUES("366","LOTION    GM","0","0","400","500");
INSERT INTO t_produits VALUES("367","MACARONI   PANZANI   250G","0","0","225","250");
INSERT INTO t_produits VALUES("368","MACARONI  KARELIA  500G","0","0","450","500");
INSERT INTO t_produits VALUES("369","MACARONI  NDOLO  250G","0","0","201","250");
INSERT INTO t_produits VALUES("370","MACARONI  NDOLO  500G","0","0","475","500");
INSERT INTO t_produits VALUES("371","MACARONI  SELVA  500G","0","0","475","500");
INSERT INTO t_produits VALUES("372","MACARONI GINO 500G","0","0","400","500");
INSERT INTO t_produits VALUES("373","MACOFFEE","0","0","90","100");
INSERT INTO t_produits VALUES("374","MADAR SACHET 30GR","0","0","38","50");
INSERT INTO t_produits VALUES("375","MADAR SACHET DE 25","0","0","20","25");
INSERT INTO t_produits VALUES("376","MAGGI   CREVETTE","0","0","26","35");
INSERT INTO t_produits VALUES("377","MAGGI   TOMATE","0","0","26","35");
INSERT INTO t_produits VALUES("379","MAIS  DOUX  PM","0","0","800","850");
INSERT INTO t_produits VALUES("380","MALT  UP  DARK","0","0","258","300");
INSERT INTO t_produits VALUES("381","MALTA ENERGY GOODI","0","0","417","500");
INSERT INTO t_produits VALUES("382","MALTA IMPORTE","0","0","396","450");
INSERT INTO t_produits VALUES("383","MATINAL   SACHET","0","0","60","75");
INSERT INTO t_produits VALUES("384","MATINAL  200G","0","0","983","1400");
INSERT INTO t_produits VALUES("386","MAYONNAISE  AMERICAN  250G","0","0","800","1000");
INSERT INTO t_produits VALUES("388","MAYONNAISE  AMERICAN  500G","0","0","1375","1600");
INSERT INTO t_produits VALUES("389","MAYONNAISE  ARMANTI  250G","0","0","850","1000");
INSERT INTO t_produits VALUES("390","MAYONNAISE  ARMANTI  500G","0","0","983","1300");
INSERT INTO t_produits VALUES("391","MAYONNAISE  CALVE  250G","0","0","875","1000");
INSERT INTO t_produits VALUES("392","MAYONNAISE  CALVE  500G","0","0","1600","1800");
INSERT INTO t_produits VALUES("393","MAYONNAISE  DELICIO  1KG","0","0","1750","2000");
INSERT INTO t_produits VALUES("394","MAYONNAISE  DELICIO  500G","0","0","958","1300");
INSERT INTO t_produits VALUES("395","MAYONNAISE  JADIDA   250G","0","0","741","1000");
INSERT INTO t_produits VALUES("396","MAYONNAISE AMERICAN  1KG","0","0","2100","2300");
INSERT INTO t_produits VALUES("397","MECHE  DE   500  F","0","0","350","500");
INSERT INTO t_produits VALUES("398","MENTHOLATA   125ML","0","0","666","1000");
INSERT INTO t_produits VALUES("399","MENTHOLATUM","0","0","83","100");
INSERT INTO t_produits VALUES("400","MISTER  CHOC","0","0","1625","2000");
INSERT INTO t_produits VALUES("401","MIXAGRIP","0","0","25","50");
INSERT INTO t_produits VALUES("402","MOONTIGER  SPIRALES","0","0","26","50");
INSERT INTO t_produits VALUES("403","MOUCHOIR  DAUMA","0","0","58","100");
INSERT INTO t_produits VALUES("405","MOUCHOIR  ORAN   KLENEX","0","0","60","100");
INSERT INTO t_produits VALUES("406","MOUCHOIR  ORAN  38   38","0","0","425","500");
INSERT INTO t_produits VALUES("408","MOUCHOIR PARFUME","0","0","60","100");
INSERT INTO t_produits VALUES("409","MOUTARDE  1KG","0","0","1583","1800");
INSERT INTO t_produits VALUES("410","MOUTARDE  370G","0","0","750","850");
INSERT INTO t_produits VALUES("411","MOUTARDE  PM","0","0","700","800");
INSERT INTO t_produits VALUES("412","MUSEAU","0","0","175","250");
INSERT INTO t_produits VALUES("414","NAN    1   2     3","0","0","3375","36");
INSERT INTO t_produits VALUES("415","NESCAFE   200G","0","0","2966","3200");
INSERT INTO t_produits VALUES("416","NESCAFE  50G","0","0","1000","1100");
INSERT INTO t_produits VALUES("417","NESCAFE  GINGER","0","0","40","50");
INSERT INTO t_produits VALUES("418","NESCAFE CREAM 3 EN 1","0","0","87","100");
INSERT INTO t_produits VALUES("419","NESCAFE SACHET","0","0","42","50");
INSERT INTO t_produits VALUES("420","NESTLE  1KG","0","0","1993","2200");
INSERT INTO t_produits VALUES("421","NESTLE  397G","0","0","822","850");
INSERT INTO t_produits VALUES("422","NESTLE  78G","0","0","204","250");
INSERT INTO t_produits VALUES("423","NIDO   12G","0","0","84","100");
INSERT INTO t_produits VALUES("424","NIDO   365G","0","0","1900","2100");
INSERT INTO t_produits VALUES("425","NIDO   400G","0","0","2208","2400");
INSERT INTO t_produits VALUES("426","NIDO   900G","0","0","5000","5200");
INSERT INTO t_produits VALUES("427","NIDO   PROTECTION  400G","0","0","2495","2700");
INSERT INTO t_produits VALUES("428","NIDO  2500G","0","0","12700","13200");
INSERT INTO t_produits VALUES("429","NIDO  SACHET  26G","0","0","167","200");
INSERT INTO t_produits VALUES("430","NIVEA   ROLLOM","0","0","1000","1500");
INSERT INTO t_produits VALUES("433","NURCIE  SIMPLE","0","0","2575","3000");
INSERT INTO t_produits VALUES("434","NUTRIMILK","0","0","416","500");
INSERT INTO t_produits VALUES("435","NYLON   NOIR  400F","0","0","300","400");
INSERT INTO t_produits VALUES("436","NYLON  BLANC","0","0","100","150");
INSERT INTO t_produits VALUES("437","NYLON  DE  100 F","0","0","70","100");
INSERT INTO t_produits VALUES("438","NYLON  JAUNE  NOIR  DE  1000F","0","0","750","1000");
INSERT INTO t_produits VALUES("439","NYLON  NOIR  250 F","0","0","190","250");
INSERT INTO t_produits VALUES("440","NYLON  POISSON","0","0","25","50");
INSERT INTO t_produits VALUES("442","OLIVE  VERTE","0","0","1125","1400");
INSERT INTO t_produits VALUES("443","ORAN    VOITURE","0","0","550","800");
INSERT INTO t_produits VALUES("445","OVALTINE     200G","0","0","1416","1600");
INSERT INTO t_produits VALUES("446","OVALTINE     400G","0","0","2400","2600");
INSERT INTO t_produits VALUES("447","OVALTINE  SACHET","0","0","85","125");
INSERT INTO t_produits VALUES("448","PANOPLIE   GM","0","0","325","500");
INSERT INTO t_produits VALUES("449","PAPIER  ALURE  10M","0","0","800","1000");
INSERT INTO t_produits VALUES("450","PAPIER  ALURE  30M","0","0","1250","2000");
INSERT INTO t_produits VALUES("451","PAPIER  HYGIENIQUE    ALBERTO","0","0","1500","2000");
INSERT INTO t_produits VALUES("452","PAPIER  HYGIENIQUE   LINTEO","0","0","213","250");
INSERT INTO t_produits VALUES("453","PAPIER  HYGIENIQUE  EMILY","0","0","157","200");
INSERT INTO t_produits VALUES("454","PAPIER  HYGIENIQUE  JAVIS","0","0","140","200");
INSERT INTO t_produits VALUES("456","PARACETAMOL","0","0","50","100");
INSERT INTO t_produits VALUES("457","PARFUM     1 MILLION","0","0","475","1000");
INSERT INTO t_produits VALUES("458","PARFUM     NIVEA","0","0","1500","2000");
INSERT INTO t_produits VALUES("459","PARFUM     TE   100ML","0","0","1000","1300");
INSERT INTO t_produits VALUES("460","PARFUM    ADIDAS   150ML","0","0","1250","1500");
INSERT INTO t_produits VALUES("461","PARFUM    CIGARE","0","0","300","500");
INSERT INTO t_produits VALUES("462","PARFUM    DE  CHAMBRE  AIR","0","0","666","1000");
INSERT INTO t_produits VALUES("463","PARFUM    DUSHA","0","0","1000","1300");
INSERT INTO t_produits VALUES("464","PARFUM    LORD","0","0","250","500");
INSERT INTO t_produits VALUES("465","PARFUM    PUCELL  GM","0","0","1000","1500");
INSERT INTO t_produits VALUES("466","PARFUM    PURE  BLACK","0","0","1000","1500");
INSERT INTO t_produits VALUES("467","PARFUM    SCENARIO  100ML","0","0","1200","1500");
INSERT INTO t_produits VALUES("468","PARFUM    SMART  150ML","0","0","750","1000");
INSERT INTO t_produits VALUES("469","PARFUM    USHWAIA  150ML","0","0","1250","1500");
INSERT INTO t_produits VALUES("470","PARFUM  SMARST  15ML","0","0","500","700");
INSERT INTO t_produits VALUES("471","PARFUM  SMARST  15ML","0","0","350","500");
INSERT INTO t_produits VALUES("472","PARFUM AXE REXONA 200ML","0","0","1250","1500");
INSERT INTO t_produits VALUES("473","PARFUM CAMMEE","0","0","1000","1500");
INSERT INTO t_produits VALUES("474","PARFUM DE 1000F","0","0","650","1000");
INSERT INTO t_produits VALUES("475","PARFUM JADORE","0","0","1250","1500");
INSERT INTO t_produits VALUES("476","PATE      A    B    C","0","0","2200","2500");
INSERT INTO t_produits VALUES("477","PATE  DENTRFRIC00FE  ORA  B  13","0","0","1000","1300");
INSERT INTO t_produits VALUES("478","PATE  DENTRIFRICE   ORA  B   DE 1000F","0","0","790","1000");
INSERT INTO t_produits VALUES("479","PATE  DENTRIFRICE   PRO  EXPERT","0","0","467","700");
INSERT INTO t_produits VALUES("480","PATE  DENTRIFRICE  COLGATE  100ML","0","0","816","1000");
INSERT INTO t_produits VALUES("481","PATE  DENTRIFRICE  COLGATE  125ML","0","0","875","1000");
INSERT INTO t_produits VALUES("482","PATE DENTIFRICE COLGATE 25ML","0","0","241","300");
INSERT INTO t_produits VALUES("483","PATE  DENTRIFRICE  COLGATE  50ML","0","0","483","550");
INSERT INTO t_produits VALUES("484","PATE  DENTRIFRICE  COLGATE  75ML","0","0","625","800");
INSERT INTO t_produits VALUES("485","PATE  DENTRIFRICE  ORAL B  95G 1027","0","0","1027","1300");
INSERT INTO t_produits VALUES("486","PATE  DENTRIFRICE  SIGNAL   125ML","0","0","875","1000");
INSERT INTO t_produits VALUES("487","PATE  DENTRIFRICE  SIGNAL   50ML","0","0","433","550");
INSERT INTO t_produits VALUES("488","PATE  JEAN FLOCH  1KG","0","0","2000","2200");
INSERT INTO t_produits VALUES("489","PATE  JEAN FLOCH  400G","0","0","675","900");
INSERT INTO t_produits VALUES("490","PATE DENTIFRICE SIGNAL 25ML","0","0","234","300");
INSERT INTO t_produits VALUES("491","PAX     2L","0","0","2416","2500");
INSERT INTO t_produits VALUES("492","PAX    4L","0","0","4200","4500");
INSERT INTO t_produits VALUES("493","PAX    IL","0","0","1208","1500");
INSERT INTO t_produits VALUES("494","PEAK    2500G","0","0","11900","12300");
INSERT INTO t_produits VALUES("496","PEARL  2500G","0","0","9500","10000");
INSERT INTO t_produits VALUES("497","PEPSI","0","0","271","350");
INSERT INTO t_produits VALUES("498","PET    S       P     1,5 L","0","0","566","750");
INSERT INTO t_produits VALUES("499","PET   U   C  B  50CL","0","0","133","200");
INSERT INTO t_produits VALUES("504","PET SUPERMONT 50CL","0","0","133","200");
INSERT INTO t_produits VALUES("505","PET SUPERMONT SODA","0","0","141","200");
INSERT INTO t_produits VALUES("506","PETIT  POIS      GM","0","0","766","1000");
INSERT INTO t_produits VALUES("507","PETIT  POIS  PM","0","0","583","700");
INSERT INTO t_produits VALUES("509","PIL  DURACEL     C","0","0","1070","1500");
INSERT INTO t_produits VALUES("510","PIL  DURACEL     D","0","0","1630","2000");
INSERT INTO t_produits VALUES("511","PIL  DURACEL   DE  2","0","0","485","1000");
INSERT INTO t_produits VALUES("512","PIL  DURACEL   DE  4","0","0","875","1500");
INSERT INTO t_produits VALUES("513","PIL  HELESENS  GM  733","0","0","291","400");
INSERT INTO t_produits VALUES("514","PIL  HELESENS  R  616   M","0","0","250","300");
INSERT INTO t_produits VALUES("515","PILE  HOSTEN","0","0","80","150");
INSERT INTO t_produits VALUES("516","PILE DURACELL V","0","0","1000","1300");
INSERT INTO t_produits VALUES("517","PILE HELESSEN R3 PM","0","0","220","300");
INSERT INTO t_produits VALUES("518","PLASTIQUE  BEBE","0","0","25","50");
INSERT INTO t_produits VALUES("519","POMADE MOVAT","0","0","400","600");
INSERT INTO t_produits VALUES("520","POMPE","0","0","20","25");
INSERT INTO t_produits VALUES("521","POT  DARK  AND  LOVELY  GM","0","0","2400","2700");
INSERT INTO t_produits VALUES("522","POT  OZONE  PM","0","0","350","500");
INSERT INTO t_produits VALUES("523","POT  U  B     GM","0","0","1200","1500");
INSERT INTO t_produits VALUES("524","POUDRE  TONY MONTANA  PM","0","0","100","200");
INSERT INTO t_produits VALUES("525","PREMIO","0","0","2500","3000");
INSERT INTO t_produits VALUES("526","PRINGLES      40G","0","0","590","700");
INSERT INTO t_produits VALUES("527","PRINGLES  165G","0","0","1480","1700");
INSERT INTO t_produits VALUES("528","PRUDENCE  PLUS","0","0","58","100");
INSERT INTO t_produits VALUES("529","RAZOIR  BIC","0","0","90","125");
INSERT INTO t_produits VALUES("530","RAZOIR  GILLETTE   2HRDC","0","0","102","250");
INSERT INTO t_produits VALUES("531","RAZOIR  ZORRIK","0","0","62","100");
INSERT INTO t_produits VALUES("532","RAZOIR GILLETTE","0","0","180","200");
INSERT INTO t_produits VALUES("533","REAKTOR","0","0","362","500");
INSERT INTO t_produits VALUES("534","RED BULL","0","0","792","1000");
INSERT INTO t_produits VALUES("535","REGLE","0","0","83","150");
INSERT INTO t_produits VALUES("538","RIZ   PARFUME  BROLI   1KG","0","0","1000","1100");
INSERT INTO t_produits VALUES("539","RIZ   PARFUME  BROLI   5KG","0","0","3790","4000");
INSERT INTO t_produits VALUES("540","RIZ   PARFUME  GINO   1KG","0","0","470","500");
INSERT INTO t_produits VALUES("541","RIZ   PARFUME  GINO   500G","0","0","470","500");
INSERT INTO t_produits VALUES("542","RIZ   PARFUME  NELISA   5KG","0","0","4000","4500");
INSERT INTO t_produits VALUES("543","RIZ   PARFUME  PEROQUET   5KG","0","0","3800","4500");
INSERT INTO t_produits VALUES("544","RIZ  ORDINAIRE","0","0","360","400");
INSERT INTO t_produits VALUES("545","RIZ  PARFUME ARMANTI   5K","0","0","3500","4000");
INSERT INTO t_produits VALUES("546","ROBB","0","0","225","300");
INSERT INTO t_produits VALUES("547","ROUGE  A  LEVRE","0","0","208","400");
INSERT INTO t_produits VALUES("549","SAC  POUBELLE  30L","0","0","1375","1700");
INSERT INTO t_produits VALUES("550","SAC POUBELLE  50L","0","0","1500","1700");
INSERT INTO t_produits VALUES("551","SANOPEL","0","0","475","700");
INSERT INTO t_produits VALUES("555","SAUCISSE  ARMATI","0","0","966","1200");
INSERT INTO t_produits VALUES("557","SAVON    AZUR  200G","0","0","131","175");
INSERT INTO t_produits VALUES("558","SAVON    DOVE  ","0","0","689","800");
INSERT INTO t_produits VALUES("559","SAVON    PURAYA","0","0","208","250");
INSERT INTO t_produits VALUES("560","SAVON   72 HEURE","0","0","333","500");
INSERT INTO t_produits VALUES("561","SAVON   ACTIMED","0","0","200","250");
INSERT INTO t_produits VALUES("566","SAVON   AZUR    400G","0","0","273","300");
INSERT INTO t_produits VALUES("567","SAVON   BEL  CLAIR","0","0","400","500");
INSERT INTO t_produits VALUES("568","SAVON   BLU  SACHET    20G","0","0","53","100");
INSERT INTO t_produits VALUES("569","SAVON   CARIBU","0","0","550","700");
INSERT INTO t_produits VALUES("570","SAVON   CAROLIGHT","0","0","500","700");
INSERT INTO t_produits VALUES("572","SAVON   CHAT","0","0","650","800");
INSERT INTO t_produits VALUES("574","SAVON   DOROT","0","0","416","600");
INSERT INTO t_produits VALUES("575","SAVON   FRESHA  SACHET    20G","0","0","38","50");
INSERT INTO t_produits VALUES("576","SAVON   JULIET  PM","0","0","116","250");
INSERT INTO t_produits VALUES("577","SAVON   LA  PERLE","0","0","416","600");
INSERT INTO t_produits VALUES("578","SAVON   LIFEBUOY","0","0","650","700");
INSERT INTO t_produits VALUES("579","SAVON   MADAR   1KG","0","0","1200","1500");
INSERT INTO t_produits VALUES("580","SAVON   MADAR   500GG","0","0","575","750");
INSERT INTO t_produits VALUES("581","SAVON   MEKAKO","0","0","750","900");
INSERT INTO t_produits VALUES("582","SAVON   OMO  SACHET    20G","0","0","91","100");
INSERT INTO t_produits VALUES("583","SAVON   OMO  SACHET   1KG","0","0","1800","2200");
INSERT INTO t_produits VALUES("584","SAVON   PURSKIN","0","0","800","1000");
INSERT INTO t_produits VALUES("585","SAVON   SABA    1KG","0","0","1062","1300");
INSERT INTO t_produits VALUES("586","SAVON   SABA   500G","0","0","541","750");
INSERT INTO t_produits VALUES("588","SAVON   SANET  400G","0","0","250","300");
INSERT INTO t_produits VALUES("589","SAVON   SANTEX  GM","0","0","416","500");
INSERT INTO t_produits VALUES("590","SAVON   SANTEX  PM","0","0","131","250");
INSERT INTO t_produits VALUES("591","SAVON   SOVE    30G","0","0","37","50");
INSERT INTO t_produits VALUES("592","SAVON   TETMOSOL","0","0","383","500");
INSERT INTO t_produits VALUES("593","SAVON   ZAKURO","0","0","208","250");
INSERT INTO t_produits VALUES("594","SAVON  BLU  SACHET   1KG","0","0","1700","2000");
INSERT INTO t_produits VALUES("595","SAVON  BLU  SACHET   500G","0","0","1000","1200");
INSERT INTO t_produits VALUES("596","SAVON  DETTOL","0","0","333","500");
INSERT INTO t_produits VALUES("597","SAVON  GERMOL   GM","0","0","333","500");
INSERT INTO t_produits VALUES("598","SAVON  GERMOL   PM","0","0","208","300");
INSERT INTO t_produits VALUES("600","SAVON  PHARMAPUR  PM","0","0","400","450");
INSERT INTO t_produits VALUES("601","SAVON  SIVODERM  PM","0","0","350","500");
INSERT INTO t_produits VALUES("602","SAVON MON SAVON 100G AU LAIT","0","0","500","600");
INSERT INTO t_produits VALUES("603","SAVON MON SAVON 200G AU LAIT","0","0","655","800");
INSERT INTO t_produits VALUES("604","SAVON OMO SACHET  500G","0","0","1100","1300");
INSERT INTO t_produits VALUES("605","SAVON PALMOLIVE","0","0","634","800");
INSERT INTO t_produits VALUES("606","SAVON PURE SKIN","0","0","350","500");
INSERT INTO t_produits VALUES("607","SCHWEPES TONIC","0","0","259","300");
INSERT INTO t_produits VALUES("608","SCOTCH   GM","0","0","500","700");
INSERT INTO t_produits VALUES("609","SCOTCH   PM","0","0","33","100");
INSERT INTO t_produits VALUES("612","SEL  DE  CUISINE","0","0","70","100");
INSERT INTO t_produits VALUES("613","SEL  DE  CUISINE  EN  SACHET","0","0","200","300");
INSERT INTO t_produits VALUES("614","SEMME   150 CL","0","0","266","300");
INSERT INTO t_produits VALUES("615","SERRE  CHEVEUX","0","0","16","100");
INSERT INTO t_produits VALUES("617","SERVIETTE   ALWAYS","0","0","500","600");
INSERT INTO t_produits VALUES("619","SERVIETTE   AMYTIME","0","0","541","600");
INSERT INTO t_produits VALUES("620","SERVIETTE   FAYTEX","0","0","424","600");
INSERT INTO t_produits VALUES("621","SERVIETTE   MYRA","0","0","458","500");
INSERT INTO t_produits VALUES("622","SHANPOING  ACTION  +","0","0","350","500");
INSERT INTO t_produits VALUES("623","SINIORA   POULET","0","0","1650","2000");
INSERT INTO t_produits VALUES("624","SIROP   BRASSERIE","0","0","633","700");
INSERT INTO t_produits VALUES("625","SIROP   PM","0","0","591","800");
INSERT INTO t_produits VALUES("626","SMAPI","0","0","83","100");
INSERT INTO t_produits VALUES("628","SOUPLINE  1L","0","0","2000","2300");
INSERT INTO t_produits VALUES("629","SP PAMPL   65CL","0","0","304","400");
INSERT INTO t_produits VALUES("630","SPAGHETTI   250","0","0","232","250");
INSERT INTO t_produits VALUES("631","SPAGHETTI   500G","0","0","390","500");
INSERT INTO t_produits VALUES("632","SPAGHETTI  BROLI  250G","0","0","275","250");
INSERT INTO t_produits VALUES("633","SPAGHETTI  BROLI  500G","0","0","400","500");
INSERT INTO t_produits VALUES("634","SPAGHETTI  GINO  500G","0","0","386","450");
INSERT INTO t_produits VALUES("635","SPAGHETTI  GINO PASTA  FUSILI  500G","0","0","500","600");
INSERT INTO t_produits VALUES("636","SPAGHETTI  TRESOR   PASTA  500","0","0","332","400");
INSERT INTO t_produits VALUES("637","SPAGHETTI GINO 2 50G","0","0","207","250");
INSERT INTO t_produits VALUES("638","SPAGHETTINDOLO     500G","0","0","345","450");
INSERT INTO t_produits VALUES("639","SPRITE   BOITE","0","0","382","500");
INSERT INTO t_produits VALUES("640","STARTER","0","0","75","150");
INSERT INTO t_produits VALUES("641","SUBARU","0","0","200","500");
INSERT INTO t_produits VALUES("642","SUCRE   EN  POUDRE  1KG","0","0","700","800");
INSERT INTO t_produits VALUES("643","SUCRE   VANILLE","0","0","60","100");
INSERT INTO t_produits VALUES("645","SUPER  GLUE","0","0","50","100");
INSERT INTO t_produits VALUES("646","SUPER  GLUE   ALTCO","0","0","108","150");
INSERT INTO t_produits VALUES("648","SUPERMONT    5L","0","0","600","750");
INSERT INTO t_produits VALUES("650","SUPERMONT 50CL","0","0","133","200");
INSERT INTO t_produits VALUES("651","TAILLE    CRAYON","0","0","37","50");
INSERT INTO t_produits VALUES("652","TAMPICO   250ML","0","0","416","500");
INSERT INTO t_produits VALUES("653","TAMPICO  SACHET","0","0","80","100");
INSERT INTO t_produits VALUES("654","TAMPON","0","0","20","50");
INSERT INTO t_produits VALUES("655","TANGUI   CITRON  50 CL","0","0","275","300");
INSERT INTO t_produits VALUES("657","TANGUI 50CL","0","0","178","200");
INSERT INTO t_produits VALUES("658","TARTINA       POT","0","0","250","300");
INSERT INTO t_produits VALUES("659","TARTINA  450G","0","0","1000","1200");
INSERT INTO t_produits VALUES("660","TARTINA  800G","0","0","1583","1800");
INSERT INTO t_produits VALUES("661","THE  CHINOIR","0","0","500","800");
INSERT INTO t_produits VALUES("662","THE  CITRON  400G","0","0","2200","2500");
INSERT INTO t_produits VALUES("663","THE  SLIMING","0","0","1000","1500");
INSERT INTO t_produits VALUES("664","THE  TOLE  TEA","0","0","550","700");
INSERT INTO t_produits VALUES("665","TIC  TAC","0","0","88","150");
INSERT INTO t_produits VALUES("666","TIRE  BOUCHON GM","0","0","1300","2000");
INSERT INTO t_produits VALUES("667","TOMATE   NDOLO","0","0","48","100");
INSERT INTO t_produits VALUES("668","TOMATE   TRESOR","0","0","112","125");
INSERT INTO t_produits VALUES("669","TOMATE  CALYPSO","0","0","93","125");
INSERT INTO t_produits VALUES("670","TOMATE  CIAO","0","0","500","700");
INSERT INTO t_produits VALUES("671","TOMATE  ELENA","0","0","90","125");
INSERT INTO t_produits VALUES("672","TOMATE  GINO","0","0","77","100");
INSERT INTO t_produits VALUES("676","TOP  MILK    3  EN  1","0","0","69","100");
INSERT INTO t_produits VALUES("677","TOP  MILK  NATURE","0","0","83","100");
INSERT INTO t_produits VALUES("678","TOP  MILK  VANILLE","0","0","42","50");
INSERT INTO t_produits VALUES("679","TORCHE  PLASTIQUE","0","0","375","500");
INSERT INTO t_produits VALUES("680","TUBE  NEON   120","0","0","260","800");
INSERT INTO t_produits VALUES("681","TUBE  NEON   60","0","0","272","800");
INSERT INTO t_produits VALUES("682","TUBORG  BOITE","0","0","583","800");
INSERT INTO t_produits VALUES("683","VASELINE  50G","0","0","191","300");
INSERT INTO t_produits VALUES("684","VERNIS","0","0","144","250");
INSERT INTO t_produits VALUES("685","VERNIS  BRILLANT","0","0","144","250");
INSERT INTO t_produits VALUES("686","VIN     BARON  DE  LA  VALLE","0","0","833","1000");
INSERT INTO t_produits VALUES("687","VIN     BORDELAIS","0","0","1134","1500");
INSERT INTO t_produits VALUES("688","VIN     BOURDILEY","0","0","2333","3000");
INSERT INTO t_produits VALUES("689","VIN     CUVEE  D\'AMAZAN  BLANC","0","0","1666","2000");
INSERT INTO t_produits VALUES("690","VIN     CUVEE  SAINT  JEAN","0","0","1083","1500");
INSERT INTO t_produits VALUES("691","VIN     DRY  RED  FAMILLE  CASTEL","0","0","2016","2500");
INSERT INTO t_produits VALUES("692","VIN     DUC   DE  FERMANDO","0","0","1050","1500");
INSERT INTO t_produits VALUES("693","VIN     DUC   DE  FERMANDO ROUGE","0","0","1050","1500");
INSERT INTO t_produits VALUES("694","VIN     DUC  DE  BARSAC  BLANC","0","0","1800","2000");
INSERT INTO t_produits VALUES("695","VIN     DUC  DE  BARSAC  ROUGE","0","0","1335","1500");
INSERT INTO t_produits VALUES("696","VIN     FLEUR  DE  MONTAGNE","0","0","1000","1200");
INSERT INTO t_produits VALUES("697","VIN     GANDIA","0","0","1416","1700");
INSERT INTO t_produits VALUES("698","VIN     PENASOL","0","0","1125","1500");
INSERT INTO t_produits VALUES("699","VIN     PERLADO","0","0","1041","1500");
INSERT INTO t_produits VALUES("700","VIN     VILLA  BLANCHE","0","0","2333","2500");
INSERT INTO t_produits VALUES("701","VIN    CAVE  ROYALE","0","0","281","350");
INSERT INTO t_produits VALUES("702","VIN    CAVIC","0","0","1095","1500");
INSERT INTO t_produits VALUES("703","VIN    DOMAINE  DU  FOSSE","0","0","1083","1500");
INSERT INTO t_produits VALUES("704","VIN    J  P    CHENET","0","0","2300","3000");
INSERT INTO t_produits VALUES("705","VIN    LOUIS  DE  JACQUE","0","0","1084","1500");
INSERT INTO t_produits VALUES("706","VIN    SAVEUR  DES  MONTAGNES  GM","0","0","891","1000");
INSERT INTO t_produits VALUES("707","VIN    TALACATA","0","0","958","1200");
INSERT INTO t_produits VALUES("708","VIN   BRISE  DE  FRANCE","0","0","1980","2500");
INSERT INTO t_produits VALUES("709","VIN   CAMILO","0","0","1166","1500");
INSERT INTO t_produits VALUES("710","VIN   CARRE  DELVINO","0","0","1041","1200");
INSERT INTO t_produits VALUES("711","VIN   CPTE DE CHAMBERIE","0","0","2000","2500");
INSERT INTO t_produits VALUES("712","VIN   ISABEL  DE FRANCE","0","0","1166","1500");
INSERT INTO t_produits VALUES("714","VIN   MAQUIS  DE  FLANDES","0","0","1166","1500");
INSERT INTO t_produits VALUES("715","VIN   MEDUIM  SWEET FAMILLE CASTEL","0","0","2291","3000");
INSERT INTO t_produits VALUES("716","VIN   MUSCAT DELUNET  ROSE","0","0","3500","4000");
INSERT INTO t_produits VALUES("717","VIN   SERVIOLA","0","0","1083","1500");
INSERT INTO t_produits VALUES("718","VIN   TIO  DE  LA  BOTA","0","0","1166","1500");
INSERT INTO t_produits VALUES("719","VIN   VIGNERON","0","0","1250","1500");
INSERT INTO t_produits VALUES("720","VIN  BARON   DE  MADRID","0","0","792","1000");
INSERT INTO t_produits VALUES("721","VIN  CASA  CORNOER  SAUVIGNON  BLANC","0","0","2750","3500");
INSERT INTO t_produits VALUES("722","VIN  CHATEAU  DU BOIS","0","0","3000","3500");
INSERT INTO t_produits VALUES("723","VIN  CHATEAU  MONSSANT","0","0","3000","3500");
INSERT INTO t_produits VALUES("724","VIN  CHATEAU DE LA  GORCE","0","0","2333","3000");
INSERT INTO t_produits VALUES("725","VIN  CRUSARE   BLANC","0","0","1125","1300");
INSERT INTO t_produits VALUES("726","VIN  FINE  CALVADOS","0","0","3000","4000");
INSERT INTO t_produits VALUES("727","VIN  FLEUX  DAR","0","0","2500","3000");
INSERT INTO t_produits VALUES("728","VIN  FRANFROIDE","0","0","3334","4000");
INSERT INTO t_produits VALUES("729","VIN  LISTEL","0","0","3000","4000");
INSERT INTO t_produits VALUES("730","VIN  MUSCAT  DELUNET  BLANC","0","0","3500","4000");
INSERT INTO t_produits VALUES("731","VIN  NOBLE  CRU","0","0","2500","3000");
INSERT INTO t_produits VALUES("732","VIN  PRESSUE","0","0","2500","3000");
INSERT INTO t_produits VALUES("733","VIN  TOUR DE MOULIN","0","0","1667","2000");
INSERT INTO t_produits VALUES("734","VIN  VEGAS  BLANC","0","0","1125","1300");
INSERT INTO t_produits VALUES("735","VIN BARON DARSAC","0","0","1166","1500");
INSERT INTO t_produits VALUES("736","VIN CABERNET DANJOU","0","0","3000","3500");
INSERT INTO t_produits VALUES("737","VIN CUVEE DAMAZAN BLANC","0","0","1666","2000");
INSERT INTO t_produits VALUES("738","VIN CUVEE DAMAZAN ROUGE","0","0","1250","1500");
INSERT INTO t_produits VALUES("739","VIN DENT PINS BTIEL","0","0","2500","3000");
INSERT INTO t_produits VALUES("740","VIN DUC DE FERMANDO BLANC","0","0","1600","2000");
INSERT INTO t_produits VALUES("741","VIN VIEUX  VANRIER","0","0","2500","3000");
INSERT INTO t_produits VALUES("742","VINAIGRE    1L","0","0","175","450");
INSERT INTO t_produits VALUES("743","VINAIGRE    50 CL","0","0","145","250");
INSERT INTO t_produits VALUES("744","VINE  CAMPO","0","0","2666","3000");
INSERT INTO t_produits VALUES("745","VITATOP","0","0","40","50");
INSERT INTO t_produits VALUES("746","VOLKA","0","0","667","800");
INSERT INTO t_produits VALUES("747","WHISKY     GOLD  BOND","0","0","95","150");
INSERT INTO t_produits VALUES("748","WHISKY    8PM","0","0","3500","4500");
INSERT INTO t_produits VALUES("749","WHISKY    BAILLEY    GM","0","0","7920","9000");
INSERT INTO t_produits VALUES("750","WHISKY    BAILLEY    PM","0","0","2815","3500");
INSERT INTO t_produits VALUES("751","WHISKY    BLACK   LABEL","0","0","14300","15000");
INSERT INTO t_produits VALUES("752","WHISKY    CHIVAS","0","0","14000","15000");
INSERT INTO t_produits VALUES("754","WHISKY    J  B   GM","0","0","7250","8500");
INSERT INTO t_produits VALUES("755","WHISKY    J  B   PM","0","0","2450","3000");
INSERT INTO t_produits VALUES("756","WHISKY    JACK  DANIEL","0","0","7000","9000");
INSERT INTO t_produits VALUES("757","WHISKY    PASSEPORT","0","0","7500","9000");
INSERT INTO t_produits VALUES("758","WHISKY    RED  LABEL     PM","0","0","2400","3000");
INSERT INTO t_produits VALUES("759","WHISKY    RED  LABEL  75CL","0","0","7245","8000");
INSERT INTO t_produits VALUES("760","WHISKY    RHUM  SAINT  JAEMS  1L","0","0","8500","9500");
INSERT INTO t_produits VALUES("761","WHISKY    SIR  EDWARD","0","0","6500","7000");
INSERT INTO t_produits VALUES("762","WHISKY    SMINOFT    PM","0","0","2035","2500");
INSERT INTO t_produits VALUES("763","WHISKY   LABEL  5","0","0","8000","9000");
INSERT INTO t_produits VALUES("764","WHISKY  AMARULA","0","0","7000","8000");
INSERT INTO t_produits VALUES("765","WHISKY  BARONAYS","0","0","5667","6000");
INSERT INTO t_produits VALUES("766","WHISKY  DETECTIVE","0","0","1250","1500");
INSERT INTO t_produits VALUES("767","WHISKY  DIPOMATE","0","0","2666","4000");
INSERT INTO t_produits VALUES("768","WHISKY  GILBEYS  BLEND","0","0","3300","4000");
INSERT INTO t_produits VALUES("769","WHISKY  GILBEYS  GIN","0","0","3300","4000");
INSERT INTO t_produits VALUES("770","WHISKY  GILBEYS  VODKA","0","0","3300","4000");
INSERT INTO t_produits VALUES("771","WHISKY  GORDONS  GM","0","0","5000","7000");
INSERT INTO t_produits VALUES("772","WHISKY  GORDONS  PM","0","0","2000","2500");
INSERT INTO t_produits VALUES("773","WHISKY  GRANTS   75CL","0","0","6500","7500");
INSERT INTO t_produits VALUES("774","WHISKY  MUSCAT DE SAMOS","0","0","3500","4500");
INSERT INTO t_produits VALUES("775","WHISKY  MUSCAT DELUNET  ROSE","0","0","3500","4500");
INSERT INTO t_produits VALUES("776","WHISKY GOLD RADICO","0","0","7000","8000");
INSERT INTO t_produits VALUES("778","WHISKY LION DOR","0","0","71","100");
INSERT INTO t_produits VALUES("779","WINDHOEK","0","0","642","750");
INSERT INTO t_produits VALUES("780","XXL    30CL","0","0","258","300");
INSERT INTO t_produits VALUES("781","YAOURT DOLAIT  NATURE  GM","0","0","335","400");
INSERT INTO t_produits VALUES("782","YAOURT ROYAL  CROWN  SACHET","0","0","215","250");
INSERT INTO t_produits VALUES("788","TEA HEMORROIDE","0","0","500","1000");
INSERT INTO t_produits VALUES("789","TEA  APHODISIAC","0","0","500","1000");
INSERT INTO t_produits VALUES("790","TEA  SUGAR REDUCING","0","0","500","1000");
INSERT INTO t_produits VALUES("791","TEA BLOOD  SUGAR","0","0","700","1500");
INSERT INTO t_produits VALUES("792","TEA  L  SLIMMING","0","0","700","1500");
INSERT INTO t_produits VALUES("793","BROSSE A  DENT  E705","0","0","125","300");
INSERT INTO t_produits VALUES("794","DEODORANT  GEL LEMON","0","0","450","1000");
INSERT INTO t_produits VALUES("795","BROSSE A  DENT  533","0","0","117","300");
INSERT INTO t_produits VALUES("796","AMIDON","0","0","75","100");
INSERT INTO t_produits VALUES("797","PAPIER HYGIENIQUE  CLASSIC","0","0","134","150");
INSERT INTO t_produits VALUES("798","MENTOS  ICE  GUM","0","0","200","300");
INSERT INTO t_produits VALUES("799","PERLE","0","0","417","600");
INSERT INTO t_produits VALUES("800","CHOCO PERFECT","0","0","282","350");
INSERT INTO t_produits VALUES("801","AZUR 400 G","0","0","267","300");
INSERT INTO t_produits VALUES("802","VERTIGE ROUGE","0","0","1600","2000");
INSERT INTO t_produits VALUES("803","VERTIGE BLANC MOELLEUX","0","0","2200","2500");
INSERT INTO t_produits VALUES("804","VELOURS NOIR","0","0","1650","2000");
INSERT INTO t_produits VALUES("805","ARIEL 30G","0","0","79","100");
INSERT INTO t_produits VALUES("806","PET SUPERMONT 1L","0","0","400","500");
INSERT INTO t_produits VALUES("807","WHISKY FYLGHTER","0","0","58","100");
INSERT INTO t_produits VALUES("808","FOX","0","0","42","50");
INSERT INTO t_produits VALUES("809","SCOOPY  MIXE","0","0","79","100");
INSERT INTO t_produits VALUES("810","MINI LAIT ET NOIR","0","0","39","50");
INSERT INTO t_produits VALUES("811","AIGUEBELLE MIXE","0","0","200","300");
INSERT INTO t_produits VALUES("812","PILE GOLSTON  PM","0","0","66","200");
INSERT INTO t_produits VALUES("814","THE AFRODISIAC","0","0","500","1000");
INSERT INTO t_produits VALUES("815","THE HYPERTENSION","0","0","500","1000");
INSERT INTO t_produits VALUES("816","THE HEMOROIDE","0","0","500","1000");
INSERT INTO t_produits VALUES("818","THE DE SLIM AU LEMON","0","0","700","1500");
INSERT INTO t_produits VALUES("819","33 EXPORT 65CL","0","0","450","500");
INSERT INTO t_produits VALUES("820","ARIEL 500G","0","0","1100","1300");
INSERT INTO t_produits VALUES("821","ARIEL 1KG","0","0","1980","2200");
INSERT INTO t_produits VALUES("822","BEAUFORT LIGHT","0","0","450","500");
INSERT INTO t_produits VALUES("823","BEAUFORT ORD","0","0","400","450");
INSERT INTO t_produits VALUES("824","BISCUIT BINTO","0","0","350","500");
INSERT INTO t_produits VALUES("825","BISCUIT SANDWICH","0","0","500","600");
INSERT INTO t_produits VALUES("826","BISCUIT TIGATO","0","0","350","500");
INSERT INTO t_produits VALUES("827","BOOSTER","0","0","433","500");
INSERT INTO t_produits VALUES("828","CAMLAIT","0","0","215","250");
INSERT INTO t_produits VALUES("829","CASTEL 33CL","0","0","267","350");
INSERT INTO t_produits VALUES("830","CASTEL 65CL","0","0","500","550");
INSERT INTO t_produits VALUES("831","CERELAC 3 FRUITS","0","0","2633","2900");
INSERT INTO t_produits VALUES("832","CHOCOLAT DE 50F","0","0","35","50");
INSERT INTO t_produits VALUES("833","CHOCOLAT DE 100F","0","0","83","100");
INSERT INTO t_produits VALUES("834","CIGARETTE MALBORO","0","0","800","1000");
INSERT INTO t_produits VALUES("835","CIGARETTE BENSON","0","0","40","50");
INSERT INTO t_produits VALUES("836","CIGARETTE LB","0","0","21","25");
INSERT INTO t_produits VALUES("837","DJINO COKTAIL","0","0","400","450");
INSERT INTO t_produits VALUES("838","EAU SACHET","0","0","33","50");
INSERT INTO t_produits VALUES("839","33 EXPORT 33CL","0","0","266","350");
INSERT INTO t_produits VALUES("840","FROMAGE LA VACHE QUI RIT","0","0","90","125");
INSERT INTO t_produits VALUES("841","GUINESS PM","0","0","496","550");
INSERT INTO t_produits VALUES("842","GUINESS HARP","0","0","489","550");
INSERT INTO t_produits VALUES("843","GUINESS SMOOTH","0","0","536","600");
INSERT INTO t_produits VALUES("844","GUINESS GM","0","0","831","900");
INSERT INTO t_produits VALUES("845","GUINESS ICE BLACK","0","0","454","500");
INSERT INTO t_produits VALUES("846","GUINESS MALTA","0","0","456","500");
INSERT INTO t_produits VALUES("847","GUINESS GOLD HARP","0","0","532","600");
INSERT INTO t_produits VALUES("848","HEINEKEN 33CL","0","0","565","800");
INSERT INTO t_produits VALUES("849","HUILE MAYOR 1L","0","0","1066","1250");
INSERT INTO t_produits VALUES("850","ISENBECK","0","0","542","600");
INSERT INTO t_produits VALUES("851","JAVEL 2L","0","0","750","1000");
INSERT INTO t_produits VALUES("852","JOVINO","0","0","80","100");
INSERT INTO t_produits VALUES("853","KADJI 65CL","0","0","450","500");
INSERT INTO t_produits VALUES("854","KINDER JOY","0","0","333","400");
INSERT INTO t_produits VALUES("855","MAGGI ETOILE","0","0","9","10");
INSERT INTO t_produits VALUES("856","MATINAL 400G","0","0","1625","1800");
INSERT INTO t_produits VALUES("857","MAYONNAISE AMERICAN 5KG","0","0","8400","9000");
INSERT INTO t_produits VALUES("858","MOUCHOIR FAY","0","0","722","850");
INSERT INTO t_produits VALUES("859","MOUCHOIR ORAN DE TABLE 33_33","0","0","766","1000");
INSERT INTO t_produits VALUES("860","MUTZIG 65CL","0","0","500","600");
INSERT INTO t_produits VALUES("861","NOURISS","0","0","215","250");
INSERT INTO t_produits VALUES("862","NURCIE CONFORT","0","0","3225","3300");
INSERT INTO t_produits VALUES("863","OEUF","0","0","64","80");
INSERT INTO t_produits VALUES("864","ORANGINA 65CL","0","0","367","450");
INSERT INTO t_produits VALUES("865","PEAK 48","0","0","343","400");
INSERT INTO t_produits VALUES("866","PET BRASSERIE 35CL","0","0","209","250");
INSERT INTO t_produits VALUES("867","PET BRASSERIE 150CL","0","0","890","1000");
INSERT INTO t_produits VALUES("868","PET SUPERMONT 35CL","0","0","195","250");
INSERT INTO t_produits VALUES("869","PHOSPHATINE","0","0","900","1000");
INSERT INTO t_produits VALUES("871","SARDINE","0","0","350","450");
INSERT INTO t_produits VALUES("872","SARDINE MAQUERELLE","0","0","300","400");
INSERT INTO t_produits VALUES("873","SAUCISSON","0","0","1634","2200");
INSERT INTO t_produits VALUES("874","SAVON AMIRA","0","0","750","900");
INSERT INTO t_produits VALUES("875","SAVON CCC 400G","0","0","283","325");
INSERT INTO t_produits VALUES("876","SABA SACHET 20G","0","0","37","50");
INSERT INTO t_produits VALUES("877","PHARMAPUR GM","0","0","733","800");
INSERT INTO t_produits VALUES("878","SEAU BEURRE","0","0","14200","15000");
INSERT INTO t_produits VALUES("879","SEAU CHOCOLATE","0","0","16000","17000");
INSERT INTO t_produits VALUES("880","SERVIETTE HYGIENIX","0","0","483","600");
INSERT INTO t_produits VALUES("881","SERVIETTE AMIE","0","0","541","600");
INSERT INTO t_produits VALUES("882","SODA WATER BRASSERIE","0","0","216","300");
INSERT INTO t_produits VALUES("883","SUCRE EN MORCEAU","0","0","680","800");
INSERT INTO t_produits VALUES("884","SUPERMONT 10L","0","0","950","1200");
INSERT INTO t_produits VALUES("885","SUPERMONT 150CL","0","0","258","300");
INSERT INTO t_produits VALUES("886","TANGUI 150CL","0","0","316","333");
INSERT INTO t_produits VALUES("887","TOP 33CL","0","0","172","200");
INSERT INTO t_produits VALUES("888","TOP 65CL","0","0","338","400");
INSERT INTO t_produits VALUES("889","TOP TONIC","0","0","218","250");
INSERT INTO t_produits VALUES("890","GUINESS SATZEMBRAU","0","0","495","550");
INSERT INTO t_produits VALUES("891","RIVER 250ML","0","0","210","250");
INSERT INTO t_produits VALUES("892","RIVER 500ML","0","0","450","500");
INSERT INTO t_produits VALUES("893","JEM 200G","0","0","325","400");
INSERT INTO t_produits VALUES("894","MALTA POWER","0","0","500","600");
INSERT INTO t_produits VALUES("895","CHATEAU NOBLE","0","0","1334","1500");
INSERT INTO t_produits VALUES("896","KING  ARTHUR","0","0","61","100");
INSERT INTO t_produits VALUES("897","SCHEWPPE LEMON","0","0","396","500");
INSERT INTO t_produits VALUES("898","REGINA MAGARINE 900 G","0","0","1417","1600");
INSERT INTO t_produits VALUES("899","REGINA MAGARINE 250 G","0","0","459","500");
INSERT INTO t_produits VALUES("900","MILKY DE  200F","0","0","146","200");
INSERT INTO t_produits VALUES("901","FOOTBALL","0","0","84","100");
INSERT INTO t_produits VALUES("902","BRINK SANDWICH ","0","0","12","750");
INSERT INTO t_produits VALUES("903","RAD POWER  400ML","0","0","938","1200");
INSERT INTO t_produits VALUES("904","RIZ NELISSA   1KG","0","0","997","1200");
INSERT INTO t_produits VALUES("905","PET BRASSERIE 50CL","0","0","400","500");
INSERT INTO t_produits VALUES("906","COLGATE ACTIVE SALT  75ML","0","0","709","900");
INSERT INTO t_produits VALUES("907","MOUCHOIR LINTEO","0","0","50","100");
INSERT INTO t_produits VALUES("908","ORAL B","0","0","800","1000");
INSERT INTO t_produits VALUES("909","MALT \'N\'MILK","0","0","84","100");
INSERT INTO t_produits VALUES("910","RIZ PARFUME  GINO 5KG","0","0","4000","4500");
INSERT INTO t_produits VALUES("911","VICK INHALER","0","0","300","350");
INSERT INTO t_produits VALUES("913","THE NATURAL","0","0","500","1000");
INSERT INTO t_produits VALUES("914","TANGUI 1L","0","0","225","250");
INSERT INTO t_produits VALUES("915","YAOUT SUCRE  500G","0","0","800","1000");
INSERT INTO t_produits VALUES("916","PAPIER  HOBBY","0","0","132","200");
INSERT INTO t_produits VALUES("917","BONBON MAXI","0","0","434","600");
INSERT INTO t_produits VALUES("918","JUS TIARA","0","0","75","100");
INSERT INTO t_produits VALUES("919","BISCUIT MARIE","0","0","167","200");
INSERT INTO t_produits VALUES("920","BISCUIT ALBI","0","0","88","100");
INSERT INTO t_produits VALUES("921","BISCUIT MATINA","0","0","84","100");
INSERT INTO t_produits VALUES("922","PILE GOLSTEN  M","0","0","70","150");
INSERT INTO t_produits VALUES("923","ORAN ESSUI TOUT","0","0","709","1000");
INSERT INTO t_produits VALUES("924","PAPIER HYGIENIQUE SITA","0","0","229","275");



DROP TABLE IF EXISTS t_produits_factures;

CREATE TABLE `t_produits_factures` (
  `idt_produits_factures` int(11) NOT NULL AUTO_INCREMENT,
  `id_produit` int(11) NOT NULL,
  `quantite_achat` int(11) NOT NULL,
  `date_fabrication` date NOT NULL,
  `date_peremption` date NOT NULL,
  PRIMARY KEY (`idt_produits_factures`)
) ENGINE=InnoDB AUTO_INCREMENT=166 DEFAULT CHARSET=latin1;




DROP TABLE IF EXISTS t_produits_operations;

CREATE TABLE `t_produits_operations` (
  `idt_produits_operations` int(11) NOT NULL AUTO_INCREMENT,
  `id_produit` int(11) NOT NULL,
  `quantite_vendue` int(11) NOT NULL,
  `numero_operation` varchar(255) NOT NULL,
  PRIMARY KEY (`idt_produits_operations`)
) ENGINE=InnoDB DEFAULT CHARSET=latin1;




DROP TABLE IF EXISTS t_produits_ventes;

CREATE TABLE `t_produits_ventes` (
  `idt_produits_ventes` int(11) NOT NULL AUTO_INCREMENT,
  `id_produit` int(11) NOT NULL,
  `quantite_vendue` int(11) NOT NULL,
  PRIMARY KEY (`idt_produits_ventes`)
) ENGINE=InnoDB DEFAULT CHARSET=latin1;




DROP TABLE IF EXISTS t_recapitulatif;

CREATE TABLE `t_recapitulatif` (
  `idt_recapitulatif` int(11) NOT NULL AUTO_INCREMENT,
  `id_user` int(11) NOT NULL,
  `ration` int(11) NOT NULL,
  `dette_fournisseur` int(11) NOT NULL,
  `depenses_diverses` int(11) NOT NULL,
  `avaries` int(11) NOT NULL,
  `credit_client` int(11) NOT NULL,
  `fonds` int(11) NOT NULL,
  `capsules` int(11) NOT NULL,
  `recettes_percues` int(11) NOT NULL,
  `date_inventaire` datetime NOT NULL,
  PRIMARY KEY (`idt_recapitulatif`)
) ENGINE=InnoDB AUTO_INCREMENT=11 DEFAULT CHARSET=latin1;

INSERT INTO t_recapitulatif VALUES("10","2","0","0","0","0","0","0","0","0","2015-03-26 15:42:21");



DROP TABLE IF EXISTS t_types_users;

CREATE TABLE `t_types_users` (
  `idt_types_users` int(11) NOT NULL AUTO_INCREMENT,
  `nom_type_user` varchar(255) NOT NULL,
  PRIMARY KEY (`idt_types_users`)
) ENGINE=InnoDB AUTO_INCREMENT=12 DEFAULT CHARSET=latin1;

INSERT INTO t_types_users VALUES("1","Super Administrateur");
INSERT INTO t_types_users VALUES("2","Administrateur");
INSERT INTO t_types_users VALUES("3","Inspecteur");
INSERT INTO t_types_users VALUES("4","Inventoriste");
INSERT INTO t_types_users VALUES("5","Caissier");
INSERT INTO t_types_users VALUES("7","Visiteur");
INSERT INTO t_types_users VALUES("11","Visiteurs urgents");



DROP TABLE IF EXISTS t_users;

CREATE TABLE `t_users` (
  `idt_users` int(11) NOT NULL AUTO_INCREMENT,
  `nom_user` varchar(255) NOT NULL,
  `prenom_user` varchar(255) NOT NULL,
  `adresse_user` varchar(255) NOT NULL,
  `email_user` varchar(255) NOT NULL,
  `login` varchar(255) NOT NULL,
  `password` varchar(255) NOT NULL,
  `id_type_user` int(11) NOT NULL,
  `datetime_last_connected` datetime NOT NULL,
  `nombre_connexion` int(11) NOT NULL,
  PRIMARY KEY (`idt_users`)
) ENGINE=InnoDB AUTO_INCREMENT=12 DEFAULT CHARSET=latin1;

INSERT INTO t_users VALUES("2","MOFFO","Cyrille","Villeurbanne","cyrille.moffo@gmail.com","cyrille","36d2756d696f6582673acca1a3f96a09","1","2015-04-03 09:56:57","23");
INSERT INTO t_users VALUES("3","FOFOU","Herve","Douala","herve.fofou@gmail.com","herve","eefde70a4a3c5afdde3f2deac5a4954a","2","2014-05-16 17:02:38","2");
INSERT INTO t_users VALUES("4","FOFOU","Gildas","Yaounde","gildas.fofou@gmail.com","gildas","b01ec15f3b619ab40b208eb3e05e700d","3","2015-03-28 11:21:28","1");
INSERT INTO t_users VALUES("8","EVARISTE","EVARISTE","DOUALA","evariste@gmail.com","evariste","db0170ce808c19e6e9cb93baa01ec77b","5","0000-00-00 00:00:00","0");
INSERT INTO t_users VALUES("11","MBA","Julie","Lyon","julie@lyon.fr","julie","c2e285cb33cecdbeb83d2189e983a8c0","4","2015-03-24 18:37:18","1");



DROP TABLE IF EXISTS t_ventes;

CREATE TABLE `t_ventes` (
  `idt_ventes` int(11) NOT NULL AUTO_INCREMENT,
  `id_produit` int(11) NOT NULL,
  `id_facture_vente` int(11) NOT NULL,
  `quantite_vendue` int(11) NOT NULL,
  PRIMARY KEY (`idt_ventes`)
) ENGINE=InnoDB AUTO_INCREMENT=21 DEFAULT CHARSET=latin1;

INSERT INTO t_ventes VALUES("5","836","7","9");
INSERT INTO t_ventes VALUES("6","915","8","3");
INSERT INTO t_ventes VALUES("7","915","9","2");
INSERT INTO t_ventes VALUES("8","915","10","3");
INSERT INTO t_ventes VALUES("9","1","11","6");
INSERT INTO t_ventes VALUES("10","18","12","4");
INSERT INTO t_ventes VALUES("17","229","6","2");
INSERT INTO t_ventes VALUES("18","230","6","6");
INSERT INTO t_ventes VALUES("19","174","6","9");
INSERT INTO t_ventes VALUES("20","166","13","9");



